[
{
  "model": "employee.employee",
  "pk": "0576bf9c-bde1-4e97-9752-2f6d322c4219",
  "fields": {
    "version": 1,
    "name": "Imrvrs",
    "surname": "1",
    "role": "Мастер",
    "IIN": "000400040004",
    "image": "",
    "address": "Тестовый контрактор",
    "phone": "111",
    "birthdate": "2022-06-23",
    "tradepoint": 1
  }
},
{
  "model": "employee.employee",
  "pk": "08b9528b-2b82-4767-877e-1670c3df915d",
  "fields": {
    "version": 1,
    "name": "Imrvrs",
    "surname": "1",
    "role": "Мастер",
    "IIN": "123012301230",
    "image": "",
    "address": "Тестовый контрактор",
    "phone": "111",
    "birthdate": "2022-06-23",
    "tradepoint": 1
  }
},
{
  "model": "employee.employee",
  "pk": "0f0af0fa-ab62-4407-a204-251eeed54ee1",
  "fields": {
    "version": 2,
    "name": "Imrvrs",
    "surname": "Stolyarov",
    "role": "Мастер",
    "IIN": "543254325432",
    "image": "('https://s3.amazonaws.com/imrvrs.bucket/employee_image_0f0af0fa-ab62-4407-a204-251eeed54ee1.png',)",
    "address": "Тестовый контрактор",
    "phone": "111",
    "birthdate": "2022-06-23",
    "tradepoint": 1
  }
},
{
  "model": "employee.employee",
  "pk": "126ccfa7-ae1d-4dcf-a590-7dfc8444ed39",
  "fields": {
    "version": 1,
    "name": "Imrvrs",
    "surname": "1",
    "role": "Мастер",
    "IIN": "000100010001",
    "image": "",
    "address": "Тестовый контрактор",
    "phone": "111",
    "birthdate": "2022-06-23",
    "tradepoint": 1
  }
},
{
  "model": "employee.employee",
  "pk": "12e3d7a8-80cc-4bf8-90de-14133ad8bd76",
  "fields": {
    "version": 1,
    "name": "Imrvrs",
    "surname": "asdas",
    "role": "Мастер",
    "IIN": "123712371237",
    "image": "",
    "address": "Тестовый контрактор",
    "phone": "213123",
    "birthdate": "2022-06-22",
    "tradepoint": 1
  }
},
{
  "model": "employee.employee",
  "pk": "161836a6-634c-468d-9c41-b432d9680b07",
  "fields": {
    "version": 2,
    "name": "Imrvrs",
    "surname": "1",
    "role": "Мастер",
    "IIN": "123412341234",
    "image": "sto_db_diagram.png",
    "address": "Тестовый контрактор",
    "phone": "13123123",
    "birthdate": "2022-06-22",
    "tradepoint": 1
  }
},
{
  "model": "employee.employee",
  "pk": "1c276c7f-5a62-4fbe-aa55-420144dbe625",
  "fields": {
    "version": 2,
    "name": "Imrvrs",
    "surname": "1",
    "role": "Мастер",
    "IIN": "111111111111",
    "image": "sto_db_diagram.png",
    "address": "Тестовый контрактор",
    "phone": "123123",
    "birthdate": "2022-06-22",
    "tradepoint": 1
  }
},
{
  "model": "employee.employee",
  "pk": "1f4a0f0b-bde0-4415-ba63-3f80f1e7a755",
  "fields": {
    "version": 1,
    "name": "Новый",
    "surname": "мастер",
    "role": "Мастер",
    "IIN": "190219021922",
    "image": "",
    "address": "Какой-то там адрес",
    "phone": "23123",
    "birthdate": "2022-06-23",
    "tradepoint": 1
  }
},
{
  "model": "employee.employee",
  "pk": "208cee63-ed7e-43b9-b0d7-480aab1122e9",
  "fields": {
    "version": 2,
    "name": "Imrvrs",
    "surname": "1",
    "role": "Мастер",
    "IIN": "908790879087",
    "image": "('https://s3.amazonaws.com/imrvrs.bucket/employee_image_208cee63-ed7e-43b9-b0d7-480aab1122e9.png',)",
    "address": "Тестовый контрактор",
    "phone": "111",
    "birthdate": "2022-06-23",
    "tradepoint": 1
  }
},
{
  "model": "employee.employee",
  "pk": "347a7e64-7740-4d75-978a-982eb8b05205",
  "fields": {
    "version": 1,
    "name": "Imrvrs",
    "surname": "1",
    "role": "Мастер",
    "IIN": "128012801280",
    "image": "",
    "address": "Тестовый контрактор",
    "phone": "11",
    "birthdate": "2022-06-23",
    "tradepoint": 1
  }
},
{
  "model": "employee.employee",
  "pk": "38cbd539-d760-4f22-b4b1-43c8fda45b5e",
  "fields": {
    "version": 1,
    "name": "Данил",
    "surname": "adasdas",
    "role": "Мастер",
    "IIN": "129012901290",
    "image": "",
    "address": "Какой-то там адрес",
    "phone": "23123",
    "birthdate": "2022-06-23",
    "tradepoint": 1
  }
},
{
  "model": "employee.employee",
  "pk": "3b6b0985-b0c6-4aa3-b357-ae2759f58c30",
  "fields": {
    "version": 1,
    "name": "Вася",
    "surname": "Пупкин",
    "role": "Мастер",
    "IIN": "123456789122",
    "image": "image/insta-default-avatar.jpg",
    "address": "Адрес 1",
    "phone": "77777777",
    "birthdate": "2022-06-01",
    "tradepoint": 1
  }
},
{
  "model": "employee.employee",
  "pk": "3de3a694-3a75-40fc-841e-1db703a9b8b8",
  "fields": {
    "version": 1,
    "name": "Imrvrs",
    "surname": "aaa",
    "role": "Мастер",
    "IIN": "137913791379",
    "image": "",
    "address": "Тестовый контрактор",
    "phone": "111",
    "birthdate": "2022-06-23",
    "tradepoint": 1
  }
},
{
  "model": "employee.employee",
  "pk": "40ca7722-fc39-4d0a-a022-326887dd396a",
  "fields": {
    "version": 1,
    "name": "Imrvrs",
    "surname": "1",
    "role": "Мастер",
    "IIN": "098709870987",
    "image": "",
    "address": "Тестовый контрактор",
    "phone": "1",
    "birthdate": "2022-06-23",
    "tradepoint": 1
  }
},
{
  "model": "employee.employee",
  "pk": "42f6aa36-f7d6-4270-970f-2dbf3f9763d7",
  "fields": {
    "version": 1,
    "name": "Imrvrs",
    "surname": "1",
    "role": "Мастер",
    "IIN": "092109210921",
    "image": "",
    "address": "Тестовый контрактор",
    "phone": "111",
    "birthdate": "2022-06-23",
    "tradepoint": 1
  }
},
{
  "model": "employee.employee",
  "pk": "43d12bf1-d5ea-48f4-96a6-94b05bf02734",
  "fields": {
    "version": 1,
    "name": "Imrvrs",
    "surname": "1",
    "role": "Мастер",
    "IIN": "654365436543",
    "image": "",
    "address": "Тестовый контрактор",
    "phone": "111",
    "birthdate": "2022-06-23",
    "tradepoint": 1
  }
},
{
  "model": "employee.employee",
  "pk": "45b22524-f9f7-4a55-9761-f1b79162a934",
  "fields": {
    "version": 1,
    "name": "Imrvrs",
    "surname": "asdas",
    "role": "Мастер",
    "IIN": "123712371223",
    "image": "",
    "address": "Тестовый контрактор",
    "phone": "213123",
    "birthdate": "2022-06-22",
    "tradepoint": 1
  }
},
{
  "model": "employee.employee",
  "pk": "47dab532-5913-4bc8-9d16-9856e1cfa077",
  "fields": {
    "version": 1,
    "name": "Imrvrs",
    "surname": "1",
    "role": "Мастер",
    "IIN": "128912891289",
    "image": "",
    "address": "Тестовый контрактор",
    "phone": "111",
    "birthdate": "2022-06-23",
    "tradepoint": 1
  }
},
{
  "model": "employee.employee",
  "pk": "4a2318c9-1c52-41a6-9653-39cfa6b58cb4",
  "fields": {
    "version": 1,
    "name": "Филиал",
    "surname": "1",
    "role": "Мастер",
    "IIN": "999999999999",
    "image": "",
    "address": "pppppppppppppppppppppppppppppppppppppppppp",
    "phone": "000000000000000000000",
    "birthdate": "2022-06-23",
    "tradepoint": 1
  }
},
{
  "model": "employee.employee",
  "pk": "4a26aa26-3a3a-4082-85b4-8b7349985849",
  "fields": {
    "version": 1,
    "name": "aaaaaaaaaaaa",
    "surname": "aaaaaaaaaaa",
    "role": "Мастер",
    "IIN": "435343534353",
    "image": "",
    "address": "aaaaaaa",
    "phone": "111",
    "birthdate": "2022-06-23",
    "tradepoint": 1
  }
},
{
  "model": "employee.employee",
  "pk": "52aaa8c4-745b-4f85-9b9e-cb0f1f3092c0",
  "fields": {
    "version": 1,
    "name": "Imrvrs",
    "surname": "aaa",
    "role": "Мастер",
    "IIN": "000700070007",
    "image": "",
    "address": "Тестовый контрактор",
    "phone": "111",
    "birthdate": "2022-06-23",
    "tradepoint": 1
  }
},
{
  "model": "employee.employee",
  "pk": "6038a2af-6d68-4437-bd4e-284a754ddd7a",
  "fields": {
    "version": 2,
    "name": "Imrvrs",
    "surname": "adasdas",
    "role": "Мастер",
    "IIN": "333333333333",
    "image": "[object File]",
    "address": "Тестовый контрактор",
    "phone": "1312312",
    "birthdate": "2022-06-22",
    "tradepoint": 1
  }
},
{
  "model": "employee.employee",
  "pk": "6b0a246f-93dc-403b-aaf4-04bacb7f1925",
  "fields": {
    "version": 1,
    "name": "Imrvrs",
    "surname": "sadasds",
    "role": "Мастер",
    "IIN": "123612361236",
    "image": "",
    "address": "Тестовый контрактор",
    "phone": "123123",
    "birthdate": "2022-06-22",
    "tradepoint": 1
  }
},
{
  "model": "employee.employee",
  "pk": "719b8b93-25a7-4a80-8b48-e3fa31271a4d",
  "fields": {
    "version": 1,
    "name": "Imrvrs",
    "surname": "aaa",
    "role": "Мастер",
    "IIN": "111311131113",
    "image": "",
    "address": "Тестовый контрактор",
    "phone": "111",
    "birthdate": "2022-06-23",
    "tradepoint": 1
  }
},
{
  "model": "employee.employee",
  "pk": "779a5c0b-f14d-4770-99a4-2ffe62bbbab5",
  "fields": {
    "version": 1,
    "name": "Imrvrs",
    "surname": "1",
    "role": "Мастер",
    "IIN": "654365436532",
    "image": null,
    "address": "Тестовый контрактор",
    "phone": "111",
    "birthdate": "2022-06-23",
    "tradepoint": 1
  }
},
{
  "model": "employee.employee",
  "pk": "7cb6fa79-94a2-414a-afb1-7a773955950a",
  "fields": {
    "version": 1,
    "name": "Филиал",
    "surname": "1",
    "role": "Мастер",
    "IIN": "142514251123",
    "image": "",
    "address": "Тестовый контрактор",
    "phone": "11",
    "birthdate": "2022-06-23",
    "tradepoint": 1
  }
},
{
  "model": "employee.employee",
  "pk": "881eee98-0d2c-4975-af13-69a728baaefa",
  "fields": {
    "version": 1,
    "name": "Imrvrs",
    "surname": "aa",
    "role": "Мастер",
    "IIN": "000200020002",
    "image": "",
    "address": "Тестовый контрактор",
    "phone": "111",
    "birthdate": "2022-06-23",
    "tradepoint": 1
  }
},
{
  "model": "employee.employee",
  "pk": "8940ae05-bd2b-44e6-86b0-aa49fc43c367",
  "fields": {
    "version": 1,
    "name": "Imrvrs",
    "surname": "adasdas",
    "role": "Мастер",
    "IIN": "863186318631",
    "image": "",
    "address": "Тестовый контрактор",
    "phone": "1",
    "birthdate": "2022-06-23",
    "tradepoint": 1
  }
},
{
  "model": "employee.employee",
  "pk": "923790f4-4798-4638-be68-d04a8535d918",
  "fields": {
    "version": 1,
    "name": "Imrvrs",
    "surname": "1",
    "role": "Мастер",
    "IIN": "127812781278",
    "image": "",
    "address": "Тестовый контрактор",
    "phone": "111",
    "birthdate": "2022-06-23",
    "tradepoint": 1
  }
},
{
  "model": "employee.employee",
  "pk": "963d53da-9f5d-4fa9-acec-ad7c8e3da879",
  "fields": {
    "version": 2,
    "name": "Imrvrs",
    "surname": "adasd",
    "role": "Мастер",
    "IIN": "222222222222",
    "image": "C:\\fakepath\\sto_db_diagram.png",
    "address": "Тестовый контрактор",
    "phone": "123123",
    "birthdate": "2022-06-22",
    "tradepoint": 1
  }
},
{
  "model": "employee.employee",
  "pk": "9701938d-474d-4262-8562-2f57cf651835",
  "fields": {
    "version": 1,
    "name": "Новый",
    "surname": "мастер",
    "role": "Мастер",
    "IIN": "190219021902",
    "image": "",
    "address": "Какой-то там адрес",
    "phone": "23123",
    "birthdate": "2022-06-23",
    "tradepoint": 1
  }
},
{
  "model": "employee.employee",
  "pk": "9a810878-f191-4b6d-9c20-87956a2b2cf2",
  "fields": {
    "version": 2,
    "name": "Imrvrs",
    "surname": "1",
    "role": "Мастер",
    "IIN": "654365432133",
    "image": "('https://s3.amazonaws.com/imrvrs.bucket/employee_image_9a810878-f191-4b6d-9c20-87956a2b2cf2.png',)",
    "address": "Тестовый контрактор",
    "phone": "111",
    "birthdate": "2022-06-23",
    "tradepoint": 1
  }
},
{
  "model": "employee.employee",
  "pk": "9d97d211-72e0-439f-92df-cf0ded74ffa3",
  "fields": {
    "version": 1,
    "name": "Филиал",
    "surname": "1",
    "role": "Мастер",
    "IIN": "142514251425",
    "image": "",
    "address": "Тестовый контрактор",
    "phone": "11",
    "birthdate": "2022-06-23",
    "tradepoint": 1
  }
},
{
  "model": "employee.employee",
  "pk": "a095ae95-f0c1-4102-becd-fc1e255ecd4c",
  "fields": {
    "version": 1,
    "name": "Имя",
    "surname": "Фамилия",
    "role": "Управляющий",
    "IIN": "123456789123",
    "image": "1",
    "address": "Адрес 1",
    "phone": "77777777",
    "birthdate": "2022-06-06",
    "tradepoint": 1
  }
},
{
  "model": "employee.employee",
  "pk": "af424b76-b5fb-4ecc-b4f2-0aebac4b5792",
  "fields": {
    "version": 1,
    "name": "ааааааааааааааааааааааа",
    "surname": "ааааааааааааааааааааааа",
    "role": "Мастер",
    "IIN": "876587658765",
    "image": "",
    "address": "аааааааааааааа",
    "phone": "111",
    "birthdate": "2022-06-23",
    "tradepoint": 1
  }
},
{
  "model": "employee.employee",
  "pk": "b43522cc-5cf8-43ff-9442-6bb31f02fbe2",
  "fields": {
    "version": 1,
    "name": "Imrvrs",
    "surname": "111",
    "role": "Мастер",
    "IIN": "125412541254",
    "image": "",
    "address": "Тестовый контрактор",
    "phone": "111",
    "birthdate": "2022-06-23",
    "tradepoint": 1
  }
},
{
  "model": "employee.employee",
  "pk": "b7af7c93-5e97-4f74-b42b-0025a3d52963",
  "fields": {
    "version": 1,
    "name": "Imrvrs",
    "surname": "aadsd",
    "role": "Мастер",
    "IIN": "123512351235",
    "image": "",
    "address": "Тестовый контрактор",
    "phone": "1231",
    "birthdate": "2022-06-22",
    "tradepoint": 1
  }
},
{
  "model": "employee.employee",
  "pk": "b879cf29-d7fb-4e49-b380-f19b831490ed",
  "fields": {
    "version": 1,
    "name": "Imrvrs",
    "surname": "1",
    "role": "Мастер",
    "IIN": "126512651265",
    "image": "",
    "address": "Тестовый контрактор",
    "phone": "111",
    "birthdate": "2022-06-23",
    "tradepoint": 1
  }
},
{
  "model": "employee.employee",
  "pk": "c0f135ff-d7ad-499b-9083-ec9a5d053eea",
  "fields": {
    "version": 1,
    "name": "Imrvrs",
    "surname": "sadasd",
    "role": "Мастер",
    "IIN": "000000000000",
    "image": "",
    "address": "Тестовый контрактор",
    "phone": "11111111111",
    "birthdate": "2022-06-23",
    "tradepoint": 1
  }
},
{
  "model": "employee.employee",
  "pk": "c4708ca8-0e15-4dd8-8132-9180ec3c7067",
  "fields": {
    "version": 1,
    "name": "Imrvrs",
    "surname": "adasdas",
    "role": "Мастер",
    "IIN": "000500050005",
    "image": "",
    "address": "Тестовый контрактор",
    "phone": "111",
    "birthdate": "2022-06-23",
    "tradepoint": 1
  }
},
{
  "model": "employee.employee",
  "pk": "cde476ef-23cb-4660-8f3f-1da6bc342e76",
  "fields": {
    "version": 2,
    "name": "Imrvrs",
    "surname": "1",
    "role": "Мастер",
    "IIN": "444444444444",
    "image": "[object File]",
    "address": "Тестовый контрактор",
    "phone": "12323",
    "birthdate": "2022-06-22",
    "tradepoint": 1
  }
},
{
  "model": "employee.employee",
  "pk": "cdf0ce72-bc49-47dd-a53f-2b3c02cca55b",
  "fields": {
    "version": 1,
    "name": "Imrvrs",
    "surname": "1",
    "role": "Мастер",
    "IIN": "432143214321",
    "image": "",
    "address": "Тестовый контрактор",
    "phone": "1",
    "birthdate": "2022-06-23",
    "tradepoint": 1
  }
},
{
  "model": "employee.employee",
  "pk": "cdf2848e-bbe2-4f3d-aea4-33caef549765",
  "fields": {
    "version": 2,
    "name": "Imrvrs",
    "surname": "a",
    "role": "Мастер",
    "IIN": "876587658731",
    "image": "('https://s3.amazonaws.com/imrvrs.bucket/employee_image_cdf2848e-bbe2-4f3d-aea4-33caef549765.png',)",
    "address": "Тестовый контрактор",
    "phone": "111",
    "birthdate": "2022-06-23",
    "tradepoint": 1
  }
},
{
  "model": "employee.employee",
  "pk": "dd91abee-cbe2-4c4b-a8f6-7c2621395eca",
  "fields": {
    "version": 1,
    "name": "Imrvrs",
    "surname": "aaa",
    "role": "Мастер",
    "IIN": "000300030003",
    "image": "",
    "address": "Тестовый контрактор",
    "phone": "111",
    "birthdate": "2022-06-23",
    "tradepoint": 1
  }
},
{
  "model": "employee.employee",
  "pk": "e6b25f0a-9e53-4785-b036-9ee53016f4b8",
  "fields": {
    "version": 1,
    "name": "Imrvrs",
    "surname": "aaa",
    "role": "Мастер",
    "IIN": "124712471247",
    "image": "",
    "address": "Тестовый контрактор",
    "phone": "111",
    "birthdate": "2022-06-23",
    "tradepoint": 1
  }
},
{
  "model": "employee.employee",
  "pk": "f89bd402-fe70-4189-bf83-4fd0083df7fa",
  "fields": {
    "version": 2,
    "name": "Imrvrs",
    "surname": "1",
    "role": "Мастер",
    "IIN": "123112311231",
    "image": "[object File]",
    "address": "Тестовый контрактор",
    "phone": "123132",
    "birthdate": "2022-06-22",
    "tradepoint": 1
  }
},
{
  "model": "organization.organization",
  "pk": 1,
  "fields": {
    "name": "Товарищество с ограниченной ответственностью  «GServiceGroup» Св-во о постановке на учет по НДС серия 60001  № 1225814 от 23.12.2021г.",
    "address": "РК г. Алматы, ул. Досмухамедова 22, кв. 18",
    "RNN": "600700875664",
    "BIN": "211240026036",
    "bank_requisition": "ИИК  KZ51914002203KZ00HE8       ДБ АО  «Сбербанк», Алматы   БИК  SABRKZKA  КБЕ 17"
  }
},
{
  "model": "order.order",
  "pk": 8,
  "fields": {
    "version": 2,
    "trade_point": 1,
    "contractor": 2,
    "own": 23,
    "created_at": "2022-06-23T14:41:09.569Z",
    "finished_at": null,
    "status": "В работе",
    "price_for_pay": 2000,
    "full_price": 2000,
    "payment": 12,
    "note": null,
    "mileage": null,
    "jobs": [
      {
        "Индекс": 1,
        "Мастера": [
          {
            "ИИН": "123456789122",
            "Наименование": "В. Пупкин"
          },
          {
            "ИИН": "123412341234",
            "Наименование": "I. 1"
          }
        ],
        "Гарантия": false,
        "Цена услуги": 2000,
        "Марка услуги": "Газель",
        "Название услуги": "Диагностика ходовой части",
        "Категория услуги": "Диагностика"
      }
    ]
  }
},
{
  "model": "order.order",
  "pk": 9,
  "fields": {
    "version": 6,
    "trade_point": 1,
    "contractor": 2,
    "own": 5,
    "created_at": "2022-06-23T14:42:15.298Z",
    "finished_at": "2022-06-25T14:42:49Z",
    "status": "Завершен",
    "price_for_pay": 22000,
    "full_price": 32000,
    "payment": 13,
    "note": null,
    "mileage": null,
    "jobs": [
      {
        "Индекс": 0,
        "Мастера": [
          {
            "ИИН": "123456789122",
            "Наименование": "В. Пупкин"
          },
          {
            "ИИН": "222222222222",
            "Наименование": "I. adasd"
          },
          {
            "ИИН": "333333333333",
            "Наименование": "I. adasdas"
          }
        ],
        "Гарантия": true,
        "Цена услуги": 2500,
        "Марка услуги": "Газель",
        "Название услуги": "Компьютерная диагностика двигателя ",
        "Категория услуги": "Диагностика"
      },
      {
        "Индекс": 1,
        "Мастера": [
          {
            "ИИН": "123456789122",
            "Наименование": "В. Пупкин"
          },
          {
            "ИИН": "123412341234",
            "Наименование": "I. 1"
          }
        ],
        "Гарантия": false,
        "Цена услуги": 2000,
        "Марка услуги": "Газель",
        "Название услуги": "Диагностика ходовой части",
        "Категория услуги": "Диагностика"
      }
    ]
  }
},
{
  "model": "order.order",
  "pk": 10,
  "fields": {
    "version": 4,
    "trade_point": 1,
    "contractor": 2,
    "own": 5,
    "created_at": "2022-06-23T14:45:04.554Z",
    "finished_at": "2022-06-25T14:45:30Z",
    "status": "Завершен",
    "price_for_pay": 10500,
    "full_price": 16500,
    "payment": 14,
    "note": null,
    "mileage": null,
    "jobs": [
      {
        "Индекс": 0,
        "Мастера": [
          {
            "ИИН": "123456789122",
            "Наименование": "В. Пупкин"
          },
          {
            "ИИН": "123412341234",
            "Наименование": "I. 1"
          },
          {
            "ИИН": "111111111111",
            "Наименование": "I. 1"
          }
        ],
        "Гарантия": false,
        "Цена услуги": 2500,
        "Марка услуги": "Газель",
        "Название услуги": "Компьютерная диагностика двигателя ",
        "Категория услуги": "Диагностика"
      },
      {
        "Индекс": 16,
        "Мастера": [
          {
            "ИИН": "111111111111",
            "Наименование": "I. 1"
          },
          {
            "ИИН": "333333333333",
            "Наименование": "I. adasdas"
          }
        ],
        "Гарантия": true,
        "Цена услуги": 6000,
        "Марка услуги": "Газель",
        "Название услуги": "Замена погружного модуля бензонасоса ",
        "Категория услуги": "Система питания"
      },
      {
        "Индекс": 17,
        "Мастера": [
          {
            "ИИН": "190219021922",
            "Наименование": "Н. мастер"
          },
          {
            "ИИН": "129012901290",
            "Наименование": "Д. adasdas"
          },
          {
            "ИИН": "000000000000",
            "Наименование": "I. sadasd"
          }
        ],
        "Гарантия": false,
        "Цена услуги": 8000,
        "Марка услуги": "Газель",
        "Название услуги": "Замена погружного модуля бензонасоса со снятием бака",
        "Категория услуги": "Система питания"
      }
    ]
  }
},
{
  "model": "order.order",
  "pk": 11,
  "fields": {
    "version": 5,
    "trade_point": 1,
    "contractor": 1,
    "own": 1,
    "created_at": "2022-06-24T12:22:19.218Z",
    "finished_at": "2022-06-24T12:22:40Z",
    "status": "Завершен",
    "price_for_pay": 2400,
    "full_price": 9900,
    "payment": 15,
    "note": null,
    "mileage": null,
    "jobs": [
      {
        "Индекс": 0,
        "Мастера": [
          {
            "ИИН": "123456789122",
            "Наименование": "В. Пупкин"
          },
          {
            "ИИН": "123412341234",
            "Наименование": "I. 1"
          }
        ],
        "Гарантия": true,
        "Цена услуги": 2500,
        "Марка услуги": "Газель",
        "Название услуги": "Компьютерная диагностика двигателя ",
        "Категория услуги": "Диагностика"
      },
      {
        "Индекс": 60,
        "Мастера": [
          {
            "ИИН": "444444444444",
            "Наименование": "I. 1"
          },
          {
            "ИИН": "123112311231",
            "Наименование": "I. 1"
          },
          {
            "ИИН": "123512351235",
            "Наименование": "I. aadsd"
          }
        ],
        "Гарантия": false,
        "Цена услуги": 1000,
        "Марка услуги": "Газель",
        "Название услуги": "Замена Датчика темпиратуры всасывающего коллектора ",
        "Категория услуги": "Электрооборудование"
      },
      {
        "Индекс": 61,
        "Мастера": [
          {
            "ИИН": "190219021902",
            "Наименование": "Н. мастер"
          },
          {
            "ИИН": "190219021922",
            "Наименование": "Н. мастер"
          },
          {
            "ИИН": "129012901290",
            "Наименование": "Д. adasdas"
          }
        ],
        "Гарантия": true,
        "Цена услуги": 2500,
        "Марка услуги": "Газель",
        "Название услуги": "Замена датчика кислорода ",
        "Категория услуги": "Электрооборудование"
      },
      {
        "Индекс": 62,
        "Мастера": [
          {
            "ИИН": "123456789122",
            "Наименование": "В. Пупкин"
          }
        ],
        "Гарантия": false,
        "Цена услуги": 1000,
        "Марка услуги": "Валдай Дв Д245/Cummin s 3.8 2.8",
        "Название услуги": "Замена Датчика темпиратуры всасывающего коллектора ",
        "Категория услуги": "Электрооборудование"
      },
      {
        "Индекс": 66,
        "Мастера": [
          {
            "ИИН": "123456789122",
            "Наименование": "В. Пупкин"
          }
        ],
        "Гарантия": true,
        "Цена услуги": 2500,
        "Марка услуги": "Валдай Дв Д245/Cummin s 3.8 2.8",
        "Название услуги": "Замена стеклоподъёмника ",
        "Категория услуги": "Двери"
      },
      {
        "Индекс": 67,
        "Мастера": [
          {
            "ИИН": "123456789122",
            "Наименование": "В. Пупкин"
          }
        ],
        "Гарантия": false,
        "Цена услуги": 400,
        "Марка услуги": "Валдай Дв Д245/Cummin s 3.8 2.8",
        "Название услуги": "Замена ручки стеклоподъмника",
        "Категория услуги": "Двери"
      }
    ]
  }
},
{
  "model": "order.order",
  "pk": 12,
  "fields": {
    "version": 2,
    "trade_point": 1,
    "contractor": 2,
    "own": 5,
    "created_at": "2022-06-24T12:39:08.905Z",
    "finished_at": null,
    "status": "В работе",
    "price_for_pay": 250,
    "full_price": 250,
    "payment": 16,
    "note": null,
    "mileage": null,
    "jobs": [
      {
        "Индекс": 7,
        "Мастера": [
          {
            "ИИН": "000000000000",
            "Наименование": "I. sadasd"
          }
        ],
        "Гарантия": false,
        "Цена услуги": 250,
        "Марка услуги": "Валдай Дв Д245/Cummin s 3.8 2.8",
        "Название услуги": "Замена фильтра воздушного карбюр.двиг.",
        "Категория услуги": "Техническое обслуживание"
      }
    ]
  }
},
{
  "model": "order.order",
  "pk": 13,
  "fields": {
    "version": 1,
    "trade_point": 1,
    "contractor": 1,
    "own": 1,
    "created_at": "2022-06-26T08:07:03.560Z",
    "finished_at": null,
    "status": "В работе",
    "price_for_pay": 2000,
    "full_price": 6000,
    "payment": 17,
    "note": null,
    "mileage": null,
    "jobs": [
      {
        "Индекс": 0,
        "Мастера": [
          {
            "ИИН": "123456789122",
            "Наименование": "В. Пупкин"
          },
          {
            "ИИН": "123412341234",
            "Наименование": "I. 1"
          }
        ],
        "Гарантия": true,
        "Цена услуги": 4000,
        "Марка услуги": "Газель",
        "Название услуги": "Компьютерная диагностика двигателя ",
        "Категория услуги": "Диагностика"
      },
      {
        "Индекс": 1,
        "Мастера": [
          {
            "ИИН": "123712371223",
            "Наименование": "I. asdas"
          },
          {
            "ИИН": "190219021902",
            "Наименование": "Н. мастер"
          }
        ],
        "Гарантия": false,
        "Цена услуги": 2000,
        "Марка услуги": "Газель",
        "Название услуги": "Диагностика ходовой части",
        "Категория услуги": "Диагностика"
      }
    ]
  }
},
{
  "model": "payment.payment",
  "pk": 2,
  "fields": {
    "payment_status": "Оплачено",
    "method": 1,
    "details": null
  }
},
{
  "model": "payment.payment",
  "pk": 3,
  "fields": {
    "payment_status": "Не оплачено",
    "method": null,
    "details": {}
  }
},
{
  "model": "payment.payment",
  "pk": 4,
  "fields": {
    "payment_status": "Оплачено",
    "method": 3,
    "details": {
      "kaspi": {
        "transfer": "перевод"
      }
    }
  }
},
{
  "model": "payment.payment",
  "pk": 6,
  "fields": {
    "payment_status": "Оплачено",
    "method": 2,
    "details": {
      "cashless": {
        "invoice": "1223334444",
        "consignment": "100200300"
      }
    }
  }
},
{
  "model": "payment.payment",
  "pk": 9,
  "fields": {
    "payment_status": "Оплачено",
    "method": 3,
    "details": {
      "kaspi": {
        "qr": "QR"
      }
    }
  }
},
{
  "model": "payment.payment",
  "pk": 10,
  "fields": {
    "payment_status": "Не оплачено",
    "method": null,
    "details": {}
  }
},
{
  "model": "payment.payment",
  "pk": 11,
  "fields": {
    "payment_status": "Не оплачено",
    "method": null,
    "details": {}
  }
},
{
  "model": "payment.payment",
  "pk": 12,
  "fields": {
    "payment_status": "Не оплачено",
    "method": null,
    "details": {}
  }
},
{
  "model": "payment.payment",
  "pk": 13,
  "fields": {
    "payment_status": "Не оплачено",
    "method": null,
    "details": {}
  }
},
{
  "model": "payment.payment",
  "pk": 14,
  "fields": {
    "payment_status": "Оплачено",
    "method": null,
    "details": {}
  }
},
{
  "model": "payment.payment",
  "pk": 15,
  "fields": {
    "payment_status": "Оплачено",
    "method": null,
    "details": {}
  }
},
{
  "model": "payment.payment",
  "pk": 16,
  "fields": {
    "payment_status": "Не оплачено",
    "method": null,
    "details": {}
  }
},
{
  "model": "payment.payment",
  "pk": 17,
  "fields": {
    "payment_status": "Не оплачено",
    "method": null,
    "details": {}
  }
},
{
  "model": "contractor.contractor",
  "pk": 1,
  "fields": {
    "version": 60,
    "name": "ТОО \"Ромашка\"",
    "address": "123456, г. Москва, ул. Подвойского, д. 14, стр. 7",
    "IIN_or_BIN": "123456789123",
    "IIC": "KZ62845453A1KZTD2011567",
    "bank_name": "Филиал Банка АТФ",
    "BIC": "ALMNKZKA",
    "phone": "77777777",
    "trust_person": {
      "name": "Иван",
      "comment": "Сват"
    },
    "organization": 1
  }
},
{
  "model": "contractor.contractor",
  "pk": 2,
  "fields": {
    "version": 5,
    "name": "ИП Абылай",
    "address": "пр. Абая 232, г.Алматы",
    "IIN_or_BIN": "123456789120",
    "IIC": null,
    "bank_name": null,
    "BIC": null,
    "phone": "22222222",
    "trust_person": {
      "name": "Алибек",
      "comment": "Завгар"
    },
    "organization": 1
  }
},
{
  "model": "nomenclature.nomenclature",
  "pk": 1,
  "fields": {
    "name": "СТО",
    "organization": 1,
    "services": [
      {
        "Цена": 2500,
        "Марка": "Газель",
        "Название": "Компьютерная диагностика двигателя ",
        "Категория": "Диагностика",
        "Примечание": "406,405,409 ЕВРО 2,405,409,4216 - ЕВРО 3,4"
      },
      {
        "Цена": 2000,
        "Марка": "Газель",
        "Название": "Диагностика ходовой части",
        "Категория": "Диагностика",
        "Примечание": ""
      },
      {
        "Цена": 4000,
        "Марка": "Валдай Дв Д245/Cummin s 3.8 2.8",
        "Название": "Компьютерная диагностика двигателя ",
        "Категория": "Диагностика",
        "Примечание": "406,405,409 ЕВРО 2,405,409,4216 - ЕВРО 3,4"
      },
      {
        "Цена": 2000,
        "Марка": "Валдай Дв Д245/Cummin s 3.8 2.8",
        "Название": "Диагностика ходовой части",
        "Категория": "Диагностика",
        "Примечание": ""
      },
      {
        "Цена": 1500,
        "Марка": "Газель",
        "Название": "Замена масла в двигателе",
        "Категория": "Техническое обслуживание",
        "Примечание": "весь модельный ряд"
      },
      {
        "Цена": 500,
        "Марка": "Газель",
        "Название": "Замена фильтра воздушного карбюр.двиг.",
        "Категория": "Техническое обслуживание",
        "Примечание": "402,4218,4215,406."
      },
      {
        "Цена": 1500,
        "Марка": "Валдай Дв Д245/Cummin s 3.8 2.8",
        "Название": "Замена масла в двигателе",
        "Категория": "Техническое обслуживание",
        "Примечание": "весь модельный ряд"
      },
      {
        "Цена": 250,
        "Марка": "Валдай Дв Д245/Cummin s 3.8 2.8",
        "Название": "Замена фильтра воздушного карбюр.двиг.",
        "Категория": "Техническое обслуживание",
        "Примечание": "402,4218,4215,406."
      },
      {
        "Цена": 7500,
        "Марка": "Газель",
        "Название": "Мойка. Чистка масляных каналов перед сборкой",
        "Категория": "Текущий ремонт двигателя",
        "Примечание": "весь модельный ряд"
      },
      {
        "Цена": 20000,
        "Марка": "Газель",
        "Название": "Замена ГРМ (цепи,звездочки,успокоители и т.п.)",
        "Категория": "Текущий ремонт двигателя",
        "Примечание": "406 и модиф"
      },
      {
        "Цена": 7500,
        "Марка": "Валдай Дв Д245/Cummin s 3.8 2.8",
        "Название": "Мойка. Чистка масляных каналов перед сборкой",
        "Категория": "Текущий ремонт двигателя",
        "Примечание": "весь модельный ряд"
      },
      {
        "Цена": 45000,
        "Марка": "Валдай Дв Д245/Cummin s 3.8 2.8",
        "Название": "Замена ГРМ (цепи,звездочки,успокоители и т.п.)",
        "Категория": "Текущий ремонт двигателя",
        "Примечание": "406 и модиф"
      },
      {
        "Цена": 2800,
        "Марка": "Газель",
        "Название": "Фрезеровка головки блока цилиндров",
        "Категория": "Токарные, фрезерные, шлифовочные и расточные работы",
        "Примечание": ""
      },
      {
        "Цена": 6000,
        "Марка": "Газель",
        "Название": "Фрезеровка блока цилиндров",
        "Категория": "Токарные, фрезерные, шлифовочные и расточные работы",
        "Примечание": ""
      },
      {
        "Цена": 6000,
        "Марка": "Валдай Дв Д245/Cummin s 3.8 2.8",
        "Название": "Фрезеровка головки блока цилиндров",
        "Категория": "Токарные, фрезерные, шлифовочные и расточные работы",
        "Примечание": ""
      },
      {
        "Цена": 10000,
        "Марка": "Валдай Дв Д245/Cummin s 3.8 2.8",
        "Название": "Фрезеровка блока цилиндров",
        "Категория": "Токарные, фрезерные, шлифовочные и расточные работы",
        "Примечание": ""
      },
      {
        "Цена": 6000,
        "Марка": "Газель",
        "Название": "Замена погружного модуля бензонасоса ",
        "Категория": "Система питания",
        "Примечание": ""
      },
      {
        "Цена": 8000,
        "Марка": "Газель",
        "Название": "Замена погружного модуля бензонасоса со снятием бака",
        "Категория": "Система питания",
        "Примечание": ""
      },
      {
        "Цена": 6000,
        "Марка": "Валдай Дв Д245/Cummin s 3.8 2.8",
        "Название": "Замена погружного модуля бензонасоса ",
        "Категория": "Система питания",
        "Примечание": ""
      },
      {
        "Цена": 8000,
        "Марка": "Валдай Дв Д245/Cummin s 3.8 2.8",
        "Название": "Замена погружного модуля бензонасоса со снятием бака",
        "Категория": "Система питания",
        "Примечание": ""
      },
      {
        "Цена": 4000,
        "Марка": "Газель",
        "Название": "Замена приемной трубы/ нейтрализатора",
        "Категория": "Система выпуска газов",
        "Примечание": "4216,40522,409"
      },
      {
        "Цена": 3000,
        "Марка": "Газель",
        "Название": "Замена прокладки приемной трубы/нейтрализатора ",
        "Категория": "Система выпуска газов",
        "Примечание": "4216,40522,409"
      },
      {
        "Цена": 6000,
        "Марка": "Валдай Дв Д245/Cummin s 3.8 2.8",
        "Название": "Замена приемной трубы/ нейтрализатора",
        "Категория": "Система выпуска газов",
        "Примечание": "4216,40522,409"
      },
      {
        "Цена": 5000,
        "Марка": "Валдай Дв Д245/Cummin s 3.8 2.8",
        "Название": "Замена прокладки приемной трубы/нейтрализатора ",
        "Категория": "Система выпуска газов",
        "Примечание": "4216,40522,409"
      },
      {
        "Цена": 5000,
        "Марка": "Газель",
        "Название": "Замена радиатора",
        "Категория": "Система охлаждения",
        "Примечание": "весь модельный ряд"
      },
      {
        "Цена": 2000,
        "Марка": "Газель",
        "Название": "Замена патрубка термостата ",
        "Категория": "Система охлаждения",
        "Примечание": "406 и модиф"
      },
      {
        "Цена": 6000,
        "Марка": "Валдай Дв Д245/Cummin s 3.8 2.8",
        "Название": "Замена радиатора",
        "Категория": "Система охлаждения",
        "Примечание": "весь модельный ряд"
      },
      {
        "Цена": 2000,
        "Марка": "Валдай Дв Д245/Cummin s 3.8 2.8",
        "Название": "Замена патрубка термостата ",
        "Категория": "Система охлаждения",
        "Примечание": "406 и модиф"
      },
      {
        "Цена": 10000,
        "Марка": "Газель",
        "Название": "Снять-Установить  КПП ",
        "Категория": "Сцепление",
        "Примечание": ""
      },
      {
        "Цена": 500,
        "Марка": "Газель",
        "Название": "Замена болта педали сцепления",
        "Категория": "Сцепление",
        "Примечание": ""
      },
      {
        "Цена": 12000,
        "Марка": "Валдай Дв Д245/Cummin s 3.8 2.8",
        "Название": "Снять-Установить  КПП ",
        "Категория": "Сцепление",
        "Примечание": ""
      },
      {
        "Цена": 500,
        "Марка": "Валдай Дв Д245/Cummin s 3.8 2.8",
        "Название": "Замена болта педали сцепления",
        "Категория": "Сцепление",
        "Примечание": ""
      },
      {
        "Цена": 1000,
        "Марка": "Газель",
        "Название": "Замена корпуса рычага КПП",
        "Категория": "Коробка передач",
        "Примечание": ""
      },
      {
        "Цена": 25000,
        "Марка": "Газель",
        "Название": "Ремонт КПП (Снять-ремонт-собрать-установить)",
        "Категория": "Коробка передач",
        "Примечание": ""
      },
      {
        "Цена": 1000,
        "Марка": "Валдай Дв Д245/Cummin s 3.8 2.8",
        "Название": "Замена корпуса рычага КПП",
        "Категория": "Коробка передач",
        "Примечание": ""
      },
      {
        "Цена": 29000,
        "Марка": "Валдай Дв Д245/Cummin s 3.8 2.8",
        "Название": "Ремонт КПП (Снять-ремонт-собрать-установить)",
        "Категория": "Коробка передач",
        "Примечание": ""
      },
      {
        "Цена": 3000,
        "Марка": "Газель",
        "Название": "Снять - установить кардан",
        "Категория": "Карданный вал",
        "Примечание": ""
      },
      {
        "Цена": 1500,
        "Марка": "Газель",
        "Название": "Замена вилки кардана",
        "Категория": "Карданный вал",
        "Примечание": ""
      },
      {
        "Цена": 2500,
        "Марка": "Валдай Дв Д245/Cummin s 3.8 2.8",
        "Название": "Снять - установить кардан",
        "Категория": "Карданный вал",
        "Примечание": ""
      },
      {
        "Цена": 2000,
        "Марка": "Валдай Дв Д245/Cummin s 3.8 2.8",
        "Название": "Замена вилки кардана",
        "Категория": "Карданный вал",
        "Примечание": ""
      },
      {
        "Цена": 25000,
        "Марка": "Газель",
        "Название": "Замена заднего моста в сборе Газель",
        "Категория": "Задний мост",
        "Примечание": ""
      },
      {
        "Цена": 18000,
        "Марка": "Газель",
        "Название": "Ремонт редуктора заднего моста (снятого) ",
        "Категория": "Задний мост",
        "Примечание": ""
      },
      {
        "Цена": 30000,
        "Марка": "Валдай Дв Д245/Cummin s 3.8 2.8",
        "Название": "Замена заднего моста в сборе Газель",
        "Категория": "Задний мост",
        "Примечание": ""
      },
      {
        "Цена": 20000,
        "Марка": "Валдай Дв Д245/Cummin s 3.8 2.8",
        "Название": "Ремонт редуктора заднего моста (снятого) ",
        "Категория": "Задний мост",
        "Примечание": ""
      },
      {
        "Цена": 1000,
        "Марка": "Газель",
        "Название": "Замена щеки стабилизатора с од.стороны",
        "Категория": "Подвеска",
        "Примечание": ""
      },
      {
        "Цена": 5000,
        "Марка": "Газель",
        "Название": "Замена кронштейна  стабилизатора  с щеками",
        "Категория": "Подвеска",
        "Примечание": ""
      },
      {
        "Цена": 2000,
        "Марка": "Валдай Дв Д245/Cummin s 3.8 2.8",
        "Название": "Замена щеки стабилизатора с од.стороны",
        "Категория": "Подвеска",
        "Примечание": ""
      },
      {
        "Цена": 5000,
        "Марка": "Валдай Дв Д245/Cummin s 3.8 2.8",
        "Название": "Замена кронштейна  стабилизатора  с щеками",
        "Категория": "Подвеска",
        "Примечание": ""
      },
      {
        "Цена": 3500,
        "Марка": "Газель",
        "Название": "Замена подшипников ступицы",
        "Категория": "Колеса-ступицы",
        "Примечание": ""
      },
      {
        "Цена": 3000,
        "Марка": "Газель",
        "Название": "Замена сальника ступицы",
        "Категория": "Колеса-ступицы",
        "Примечание": ""
      },
      {
        "Цена": 4500,
        "Марка": "Валдай Дв Д245/Cummin s 3.8 2.8",
        "Название": "Замена подшипников ступицы",
        "Категория": "Колеса-ступицы",
        "Примечание": ""
      },
      {
        "Цена": 3000,
        "Марка": "Валдай Дв Д245/Cummin s 3.8 2.8",
        "Название": "Замена сальника ступицы",
        "Категория": "Колеса-ступицы",
        "Примечание": ""
      },
      {
        "Цена": 6000,
        "Марка": "Газель",
        "Название": "Замена рулевой колонки",
        "Категория": "Рулевое управление",
        "Примечание": ""
      },
      {
        "Цена": 600,
        "Марка": "Газель",
        "Название": "Регулировка рулевого механизма",
        "Категория": "Рулевое управление",
        "Примечание": ""
      },
      {
        "Цена": 5500,
        "Марка": "Валдай Дв Д245/Cummin s 3.8 2.8",
        "Название": "Замена рулевой колонки",
        "Категория": "Рулевое управление",
        "Примечание": ""
      },
      {
        "Цена": 600,
        "Марка": "Валдай Дв Д245/Cummin s 3.8 2.8",
        "Название": "Регулировка рулевого механизма",
        "Категория": "Рулевое управление",
        "Примечание": ""
      },
      {
        "Цена": 1500,
        "Марка": "Газель",
        "Название": "Регулировка ручного тормоза",
        "Категория": "Тормозная система",
        "Примечание": ""
      },
      {
        "Цена": 2000,
        "Марка": "Газель",
        "Название": "Замена суппорта",
        "Категория": "Тормозная система",
        "Примечание": ""
      },
      {
        "Цена": 1000,
        "Марка": "Валдай Дв Д245/Cummin s 3.8 2.8",
        "Название": "Регулировка ручного тормоза",
        "Категория": "Тормозная система",
        "Примечание": ""
      },
      {
        "Цена": 2000,
        "Марка": "Валдай Дв Д245/Cummin s 3.8 2.8",
        "Название": "Замена суппорта",
        "Категория": "Тормозная система",
        "Примечание": ""
      },
      {
        "Цена": 1000,
        "Марка": "Газель",
        "Название": "Замена Датчика темпиратуры всасывающего коллектора ",
        "Категория": "Электрооборудование",
        "Примечание": ""
      },
      {
        "Цена": 2500,
        "Марка": "Газель",
        "Название": "Замена датчика кислорода ",
        "Категория": "Электрооборудование",
        "Примечание": ""
      },
      {
        "Цена": 1000,
        "Марка": "Валдай Дв Д245/Cummin s 3.8 2.8",
        "Название": "Замена Датчика темпиратуры всасывающего коллектора ",
        "Категория": "Электрооборудование",
        "Примечание": ""
      },
      {
        "Цена": 2500,
        "Марка": "Валдай Дв Д245/Cummin s 3.8 2.8",
        "Название": "Замена датчика кислорода ",
        "Категория": "Электрооборудование",
        "Примечание": ""
      },
      {
        "Цена": 2500,
        "Марка": "Газель",
        "Название": "Замена стеклоподъёмника ",
        "Категория": "Двери",
        "Примечание": ""
      },
      {
        "Цена": 400,
        "Марка": "Газель",
        "Название": "Замена ручки стеклоподъмника",
        "Категория": "Двери",
        "Примечание": ""
      },
      {
        "Цена": 2500,
        "Марка": "Валдай Дв Д245/Cummin s 3.8 2.8",
        "Название": "Замена стеклоподъёмника ",
        "Категория": "Двери",
        "Примечание": ""
      },
      {
        "Цена": 400,
        "Марка": "Валдай Дв Д245/Cummin s 3.8 2.8",
        "Название": "Замена ручки стеклоподъмника",
        "Категория": "Двери",
        "Примечание": ""
      },
      {
        "Цена": 4000,
        "Марка": "Газель",
        "Название": "Замена радиатора отопителя ВОЛГА ",
        "Категория": "Отопитель",
        "Примечание": ""
      },
      {
        "Цена": 15000,
        "Марка": "Газель",
        "Название": "Замена отопителя в сборе",
        "Категория": "Отопитель",
        "Примечание": ""
      },
      {
        "Цена": 4000,
        "Марка": "Валдай Дв Д245/Cummin s 3.8 2.8",
        "Название": "Замена радиатора отопителя ВОЛГА ",
        "Категория": "Отопитель",
        "Примечание": ""
      },
      {
        "Цена": 15000,
        "Марка": "Валдай Дв Д245/Cummin s 3.8 2.8",
        "Название": "Замена отопителя в сборе",
        "Категория": "Отопитель",
        "Примечание": ""
      }
    ]
  }
},
{
  "model": "nomenclature.nomenclature",
  "pk": 2,
  "fields": {
    "name": "Другое СТО",
    "organization": 1,
    "services": [
      {
        "Цена": 4000,
        "Марка": "Газель",
        "Название": "Компьютерная диагностика двигателя ",
        "Категория": "Диагностика",
        "Примечание": "406,405,409 ЕВРО 2,405,409,4216 - ЕВРО 3,4"
      },
      {
        "Цена": 2000,
        "Марка": "Газель",
        "Название": "Диагностика ходовой части",
        "Категория": "Диагностика",
        "Примечание": ""
      },
      {
        "Цена": 4000,
        "Марка": "Валдай Дв Д245/Cummin s 3.8 2.8",
        "Название": "Компьютерная диагностика двигателя ",
        "Категория": "Диагностика",
        "Примечание": "406,405,409 ЕВРО 2,405,409,4216 - ЕВРО 3,4"
      }
    ]
  }
},
{
  "model": "own.own",
  "pk": 1,
  "fields": {
    "name": "Toyota Camry",
    "contractor": 1,
    "number": "A123MOMM",
    "comment": null,
    "is_part": false
  }
},
{
  "model": "own.own",
  "pk": 2,
  "fields": {
    "name": "Mercedes S-Class",
    "contractor": 1,
    "number": "KZ 007 SSS 02",
    "comment": null,
    "is_part": false
  }
},
{
  "model": "own.own",
  "pk": 3,
  "fields": {
    "name": "Двигатель",
    "contractor": 1,
    "number": null,
    "comment": "номер двигателя",
    "is_part": true
  }
},
{
  "model": "own.own",
  "pk": 5,
  "fields": {
    "name": "Kia Sportage",
    "contractor": 2,
    "number": "KZ111ABC02",
    "comment": null,
    "is_part": false
  }
},
{
  "model": "own.own",
  "pk": 8,
  "fields": {
    "name": "Бампер",
    "contractor": 1,
    "number": null,
    "comment": "Описание бампера",
    "is_part": true
  }
},
{
  "model": "own.own",
  "pk": 9,
  "fields": {
    "name": "Капот",
    "contractor": 1,
    "number": null,
    "comment": "Описание капота",
    "is_part": true
  }
},
{
  "model": "own.own",
  "pk": 10,
  "fields": {
    "name": "Tesla Model X",
    "contractor": 1,
    "number": "A123MO",
    "comment": null,
    "is_part": false
  }
},
{
  "model": "own.own",
  "pk": 12,
  "fields": {
    "name": "BMW",
    "contractor": 1,
    "number": "A123MOM",
    "comment": null,
    "is_part": false
  }
},
{
  "model": "own.own",
  "pk": 13,
  "fields": {
    "name": "Кондиционер",
    "contractor": 1,
    "number": null,
    "comment": "Описание кондиционера",
    "is_part": true
  }
},
{
  "model": "own.own",
  "pk": 14,
  "fields": {
    "name": "Toyota Camry",
    "contractor": 1,
    "number": "A123DOM",
    "comment": null,
    "is_part": false
  }
},
{
  "model": "own.own",
  "pk": 22,
  "fields": {
    "name": "Toyota Camry",
    "contractor": 2,
    "number": "A123MOA",
    "comment": "Битое крыло",
    "is_part": false
  }
},
{
  "model": "own.own",
  "pk": 23,
  "fields": {
    "name": "Toyota Camry",
    "contractor": 2,
    "number": "A123 MO",
    "comment": null,
    "is_part": false
  }
},
{
  "model": "own.own",
  "pk": 24,
  "fields": {
    "name": "Toyota Camry",
    "contractor": 2,
    "number": "A123 MOA",
    "comment": null,
    "is_part": false
  }
},
{
  "model": "own.own",
  "pk": 25,
  "fields": {
    "name": "Toyota Camry",
    "contractor": 2,
    "number": "A123 ZMO",
    "comment": "sdf",
    "is_part": false
  }
},
{
  "model": "own.own",
  "pk": 26,
  "fields": {
    "name": "Toyota Camry",
    "contractor": 2,
    "number": "A123 QMO",
    "comment": null,
    "is_part": false
  }
},
{
  "model": "own.own",
  "pk": 27,
  "fields": {
    "name": "Toyota Camry",
    "contractor": 2,
    "number": "A123 MOQ",
    "comment": null,
    "is_part": false
  }
},
{
  "model": "own.own",
  "pk": 28,
  "fields": {
    "name": "Toyota Camry",
    "contractor": 2,
    "number": "A123MOW",
    "comment": null,
    "is_part": false
  }
},
{
  "model": "own.own",
  "pk": 29,
  "fields": {
    "name": "Toyota Camry",
    "contractor": 1,
    "number": null,
    "comment": null,
    "is_part": false
  }
},
{
  "model": "own.own",
  "pk": 30,
  "fields": {
    "name": "Toyota Camry",
    "contractor": 2,
    "number": "A123NOM",
    "comment": null,
    "is_part": false
  }
},
{
  "model": "payment_method.paymentmethod",
  "pk": 1,
  "fields": {
    "name": "Наличный"
  }
},
{
  "model": "payment_method.paymentmethod",
  "pk": 2,
  "fields": {
    "name": "Безналичный"
  }
},
{
  "model": "payment_method.paymentmethod",
  "pk": 3,
  "fields": {
    "name": "Kaspi"
  }
},
{
  "model": "trade_point.tradepoint",
  "pk": 1,
  "fields": {
    "version": 18,
    "name": "Филиал 1",
    "address": "Адрес Филиала 1",
    "organization": 1,
    "nomenclature": [
      1,
      2
    ]
  }
},
{
  "model": "trade_point.tradepoint",
  "pk": 2,
  "fields": {
    "version": 3,
    "name": "Филиал 2",
    "address": "Адрес Филиала 2",
    "organization": 1,
    "nomenclature": []
  }
},
{
  "model": "trade_point.tradepoint",
  "pk": 3,
  "fields": {
    "version": 4,
    "name": "Филиал 3",
    "address": "Адрес 3",
    "organization": 1,
    "nomenclature": []
  }
}
]
