[
{
  "model": "accounts.customuser",
  "pk": "574e36a8-f5f1-4d29-8d93-da594725df4f",
  "fields": {
    "password": "pbkdf2_sha256$320000$bPjztmGkOU3URepuYh20Y4$SpmQsECa89lJpoBpi6BdtZtkfe7egkIrvnoID8GCBsU=",
    "last_login": "2022-07-11T14:40:35.448Z",
    "is_superuser": false,
    "username": "manager",
    "first_name": "",
    "last_name": "",
    "email": "",
    "is_staff": false,
    "is_active": true,
    "date_joined": "2022-07-11T14:40:10.604Z",
    "groups": [],
    "user_permissions": []
  }
},
{
  "model": "accounts.customuser",
  "pk": "7ec55cff-a84b-4b76-9177-e2ab36aa4be3",
  "fields": {
    "password": "pbkdf2_sha256$320000$BgXHXby3p9R1e2xpZvfjby$FnXmCVc81RUeqg6PMTd27m/16KAYsIQIXnfwF6PJGy8=",
    "last_login": "2022-07-11T14:46:36.935Z",
    "is_superuser": false,
    "username": "chief_manager2",
    "first_name": "",
    "last_name": "",
    "email": "",
    "is_staff": false,
    "is_active": true,
    "date_joined": "2022-07-11T14:46:19.917Z",
    "groups": [],
    "user_permissions": []
  }
},
{
  "model": "accounts.customuser",
  "pk": "b42af38e-d670-442a-90dc-fd9be5ed646f",
  "fields": {
    "password": "pbkdf2_sha256$320000$bRVdJcNdb4UPno7Up7GDzX$2VFkMXWap2GqFk2oAX/bQmCpYcVZVM7h/jaMfDDn6Go=",
    "last_login": "2022-07-11T14:49:09.183Z",
    "is_superuser": false,
    "username": "manager2",
    "first_name": "",
    "last_name": "",
    "email": "",
    "is_staff": false,
    "is_active": true,
    "date_joined": "2022-07-11T14:48:56.916Z",
    "groups": [],
    "user_permissions": []
  }
},
{
  "model": "accounts.customuser",
  "pk": "db371a3b-ee19-4009-9581-01c21e1fdc7e",
  "fields": {
    "password": "pbkdf2_sha256$320000$W660JNMBv01V7hjRtAsewu$4ZyWu29jgtpilOCB2xax4g7huA6kqEnPl3hjx97crxA=",
    "last_login": "2022-07-11T14:49:22.419Z",
    "is_superuser": true,
    "username": "admin",
    "first_name": "",
    "last_name": "",
    "email": "",
    "is_staff": true,
    "is_active": true,
    "date_joined": "2022-07-11T14:15:27.428Z",
    "groups": [],
    "user_permissions": []
  }
},
{
  "model": "accounts.customuser",
  "pk": "f8ab282e-7cc3-40a3-9eb9-f72f5cf5c24a",
  "fields": {
    "password": "pbkdf2_sha256$320000$T0pt5Ryt38b5fQAV1T7c4g$Tr/Js3j+2FPdMAFYQD/1Nw8noX/tinFzXZiltUlEOjo=",
    "last_login": "2022-07-11T14:35:24.441Z",
    "is_superuser": false,
    "username": "chief_manager",
    "first_name": "",
    "last_name": "",
    "email": "",
    "is_staff": false,
    "is_active": true,
    "date_joined": "2022-07-11T14:34:57.579Z",
    "groups": [],
    "user_permissions": []
  }
},
{
  "model": "contractor.contractor",
  "pk": 1,
  "fields": {
    "version": 2,
    "name": "Ауэзева Молдир",
    "address": "Таугуль 1",
    "IIN_or_BIN": "900410401269",
    "IIC": null,
    "bank_name": null,
    "BIC": null,
    "phone": "87023458889",
    "trust_person": {
      "name": "",
      "comment": ""
    },
    "organization": 1
  }
},
{
  "model": "contractor.contractor",
  "pk": 2,
  "fields": {
    "version": 2,
    "name": "Мырзабеков Бекайдар",
    "address": "Аль-Фараби 21/5",
    "IIN_or_BIN": "901030300976",
    "IIC": null,
    "bank_name": null,
    "BIC": null,
    "phone": "87012211184",
    "trust_person": {
      "name": "",
      "comment": ""
    },
    "organization": 1
  }
},
{
  "model": "contractor.contractor",
  "pk": 3,
  "fields": {
    "version": 2,
    "name": "АО \"Варваринская\"",
    "address": "Костанайская область. Тарановский район. село Варваринка, проспекст Аль-Фараби дом 74 офис 620",
    "IIN_or_BIN": "950840000144",
    "IIC": "KZ51914002203KZ00HE8",
    "bank_name": "Center Creadit",
    "BIC": null,
    "phone": "390221",
    "trust_person": {
      "name": "",
      "comment": ""
    },
    "organization": 1
  }
},
{
  "model": "nomenclature.nomenclature",
  "pk": 1,
  "fields": {
    "version": 3,
    "name": "СТО",
    "organization": 1,
    "services": [
      {
        "Цена": 2500,
        "Марка": "Газель",
        "Название": "Компьютерная диагностика двигателя ",
        "Категория": "Диагностика",
        "Примечание": "406,405,409 ЕВРО 2,405,409,4216 - ЕВРО 3,4"
      },
      {
        "Цена": 2000,
        "Марка": "Газель",
        "Название": "Диагностика ходовой части",
        "Категория": "Диагностика",
        "Примечание": ""
      },
      {
        "Цена": 4000,
        "Марка": "Валдай Дв Д245/Cummin s 3.8 2.8",
        "Название": "Компьютерная диагностика двигателя ",
        "Категория": "Диагностика",
        "Примечание": "406,405,409 ЕВРО 2,405,409,4216 - ЕВРО 3,4"
      },
      {
        "Цена": 2000,
        "Марка": "Валдай Дв Д245/Cummin s 3.8 2.8",
        "Название": "Диагностика ходовой части",
        "Категория": "Диагностика",
        "Примечание": ""
      },
      {
        "Цена": 1500,
        "Марка": "Газель",
        "Название": "Замена масла в двигателе",
        "Категория": "Техническое обслуживание",
        "Примечание": "весь модельный ряд"
      },
      {
        "Цена": 500,
        "Марка": "Газель",
        "Название": "Замена фильтра воздушного карбюр.двиг.",
        "Категория": "Техническое обслуживание",
        "Примечание": "402,4218,4215,406."
      },
      {
        "Цена": 1500,
        "Марка": "Валдай Дв Д245/Cummin s 3.8 2.8",
        "Название": "Замена масла в двигателе",
        "Категория": "Техническое обслуживание",
        "Примечание": "весь модельный ряд"
      },
      {
        "Цена": 250,
        "Марка": "Валдай Дв Д245/Cummin s 3.8 2.8",
        "Название": "Замена фильтра воздушного карбюр.двиг.",
        "Категория": "Техническое обслуживание",
        "Примечание": "402,4218,4215,406."
      },
      {
        "Цена": 7500,
        "Марка": "Газель",
        "Название": "Мойка. Чистка масляных каналов перед сборкой",
        "Категория": "Текущий ремонт двигателя",
        "Примечание": "весь модельный ряд"
      },
      {
        "Цена": 20000,
        "Марка": "Газель",
        "Название": "Замена ГРМ (цепи,звездочки,успокоители и т.п.)",
        "Категория": "Текущий ремонт двигателя",
        "Примечание": "406 и модиф"
      },
      {
        "Цена": 7500,
        "Марка": "Валдай Дв Д245/Cummin s 3.8 2.8",
        "Название": "Мойка. Чистка масляных каналов перед сборкой",
        "Категория": "Текущий ремонт двигателя",
        "Примечание": "весь модельный ряд"
      },
      {
        "Цена": 45000,
        "Марка": "Валдай Дв Д245/Cummin s 3.8 2.8",
        "Название": "Замена ГРМ (цепи,звездочки,успокоители и т.п.)",
        "Категория": "Текущий ремонт двигателя",
        "Примечание": "406 и модиф"
      },
      {
        "Цена": 2800,
        "Марка": "Газель",
        "Название": "Фрезеровка головки блока цилиндров",
        "Категория": "Токарные, фрезерные, шлифовочные и расточные работы",
        "Примечание": ""
      },
      {
        "Цена": 6000,
        "Марка": "Газель",
        "Название": "Фрезеровка блока цилиндров",
        "Категория": "Токарные, фрезерные, шлифовочные и расточные работы",
        "Примечание": ""
      },
      {
        "Цена": 6000,
        "Марка": "Валдай Дв Д245/Cummin s 3.8 2.8",
        "Название": "Фрезеровка головки блока цилиндров",
        "Категория": "Токарные, фрезерные, шлифовочные и расточные работы",
        "Примечание": ""
      },
      {
        "Цена": 10000,
        "Марка": "Валдай Дв Д245/Cummin s 3.8 2.8",
        "Название": "Фрезеровка блока цилиндров",
        "Категория": "Токарные, фрезерные, шлифовочные и расточные работы",
        "Примечание": ""
      },
      {
        "Цена": 6000,
        "Марка": "Газель",
        "Название": "Замена погружного модуля бензонасоса ",
        "Категория": "Система питания",
        "Примечание": ""
      },
      {
        "Цена": 8000,
        "Марка": "Газель",
        "Название": "Замена погружного модуля бензонасоса со снятием бака",
        "Категория": "Система питания",
        "Примечание": ""
      },
      {
        "Цена": 6000,
        "Марка": "Валдай Дв Д245/Cummin s 3.8 2.8",
        "Название": "Замена погружного модуля бензонасоса ",
        "Категория": "Система питания",
        "Примечание": ""
      },
      {
        "Цена": 8000,
        "Марка": "Валдай Дв Д245/Cummin s 3.8 2.8",
        "Название": "Замена погружного модуля бензонасоса со снятием бака",
        "Категория": "Система питания",
        "Примечание": ""
      },
      {
        "Цена": 4000,
        "Марка": "Газель",
        "Название": "Замена приемной трубы/ нейтрализатора",
        "Категория": "Система выпуска газов",
        "Примечание": "4216,40522,409"
      },
      {
        "Цена": 3000,
        "Марка": "Газель",
        "Название": "Замена прокладки приемной трубы/нейтрализатора ",
        "Категория": "Система выпуска газов",
        "Примечание": "4216,40522,409"
      },
      {
        "Цена": 6000,
        "Марка": "Валдай Дв Д245/Cummin s 3.8 2.8",
        "Название": "Замена приемной трубы/ нейтрализатора",
        "Категория": "Система выпуска газов",
        "Примечание": "4216,40522,409"
      },
      {
        "Цена": 5000,
        "Марка": "Валдай Дв Д245/Cummin s 3.8 2.8",
        "Название": "Замена прокладки приемной трубы/нейтрализатора ",
        "Категория": "Система выпуска газов",
        "Примечание": "4216,40522,409"
      },
      {
        "Цена": 5000,
        "Марка": "Газель",
        "Название": "Замена радиатора",
        "Категория": "Система охлаждения",
        "Примечание": "весь модельный ряд"
      },
      {
        "Цена": 2000,
        "Марка": "Газель",
        "Название": "Замена патрубка термостата ",
        "Категория": "Система охлаждения",
        "Примечание": "406 и модиф"
      },
      {
        "Цена": 6000,
        "Марка": "Валдай Дв Д245/Cummin s 3.8 2.8",
        "Название": "Замена радиатора",
        "Категория": "Система охлаждения",
        "Примечание": "весь модельный ряд"
      },
      {
        "Цена": 2000,
        "Марка": "Валдай Дв Д245/Cummin s 3.8 2.8",
        "Название": "Замена патрубка термостата ",
        "Категория": "Система охлаждения",
        "Примечание": "406 и модиф"
      },
      {
        "Цена": 10000,
        "Марка": "Газель",
        "Название": "Снять-Установить  КПП ",
        "Категория": "Сцепление",
        "Примечание": ""
      },
      {
        "Цена": 500,
        "Марка": "Газель",
        "Название": "Замена болта педали сцепления",
        "Категория": "Сцепление",
        "Примечание": ""
      },
      {
        "Цена": 12000,
        "Марка": "Валдай Дв Д245/Cummin s 3.8 2.8",
        "Название": "Снять-Установить  КПП ",
        "Категория": "Сцепление",
        "Примечание": ""
      },
      {
        "Цена": 500,
        "Марка": "Валдай Дв Д245/Cummin s 3.8 2.8",
        "Название": "Замена болта педали сцепления",
        "Категория": "Сцепление",
        "Примечание": ""
      },
      {
        "Цена": 1000,
        "Марка": "Газель",
        "Название": "Замена корпуса рычага КПП",
        "Категория": "Коробка передач",
        "Примечание": ""
      },
      {
        "Цена": 25000,
        "Марка": "Газель",
        "Название": "Ремонт КПП (Снять-ремонт-собрать-установить)",
        "Категория": "Коробка передач",
        "Примечание": ""
      },
      {
        "Цена": 1000,
        "Марка": "Валдай Дв Д245/Cummin s 3.8 2.8",
        "Название": "Замена корпуса рычага КПП",
        "Категория": "Коробка передач",
        "Примечание": ""
      },
      {
        "Цена": 29000,
        "Марка": "Валдай Дв Д245/Cummin s 3.8 2.8",
        "Название": "Ремонт КПП (Снять-ремонт-собрать-установить)",
        "Категория": "Коробка передач",
        "Примечание": ""
      },
      {
        "Цена": 3000,
        "Марка": "Газель",
        "Название": "Снять - установить кардан",
        "Категория": "Карданный вал",
        "Примечание": ""
      },
      {
        "Цена": 1500,
        "Марка": "Газель",
        "Название": "Замена вилки кардана",
        "Категория": "Карданный вал",
        "Примечание": ""
      },
      {
        "Цена": 2500,
        "Марка": "Валдай Дв Д245/Cummin s 3.8 2.8",
        "Название": "Снять - установить кардан",
        "Категория": "Карданный вал",
        "Примечание": ""
      },
      {
        "Цена": 2000,
        "Марка": "Валдай Дв Д245/Cummin s 3.8 2.8",
        "Название": "Замена вилки кардана",
        "Категория": "Карданный вал",
        "Примечание": ""
      },
      {
        "Цена": 25000,
        "Марка": "Газель",
        "Название": "Замена заднего моста в сборе Газель",
        "Категория": "Задний мост",
        "Примечание": ""
      },
      {
        "Цена": 18000,
        "Марка": "Газель",
        "Название": "Ремонт редуктора заднего моста (снятого) ",
        "Категория": "Задний мост",
        "Примечание": ""
      },
      {
        "Цена": 30000,
        "Марка": "Валдай Дв Д245/Cummin s 3.8 2.8",
        "Название": "Замена заднего моста в сборе Газель",
        "Категория": "Задний мост",
        "Примечание": ""
      },
      {
        "Цена": 20000,
        "Марка": "Валдай Дв Д245/Cummin s 3.8 2.8",
        "Название": "Ремонт редуктора заднего моста (снятого) ",
        "Категория": "Задний мост",
        "Примечание": ""
      },
      {
        "Цена": 1000,
        "Марка": "Газель",
        "Название": "Замена щеки стабилизатора с од.стороны",
        "Категория": "Подвеска",
        "Примечание": ""
      },
      {
        "Цена": 5000,
        "Марка": "Газель",
        "Название": "Замена кронштейна  стабилизатора  с щеками",
        "Категория": "Подвеска",
        "Примечание": ""
      },
      {
        "Цена": 2000,
        "Марка": "Валдай Дв Д245/Cummin s 3.8 2.8",
        "Название": "Замена щеки стабилизатора с од.стороны",
        "Категория": "Подвеска",
        "Примечание": ""
      },
      {
        "Цена": 5000,
        "Марка": "Валдай Дв Д245/Cummin s 3.8 2.8",
        "Название": "Замена кронштейна  стабилизатора  с щеками",
        "Категория": "Подвеска",
        "Примечание": ""
      },
      {
        "Цена": 3500,
        "Марка": "Газель",
        "Название": "Замена подшипников ступицы",
        "Категория": "Колеса-ступицы",
        "Примечание": ""
      },
      {
        "Цена": 3000,
        "Марка": "Газель",
        "Название": "Замена сальника ступицы",
        "Категория": "Колеса-ступицы",
        "Примечание": ""
      },
      {
        "Цена": 4500,
        "Марка": "Валдай Дв Д245/Cummin s 3.8 2.8",
        "Название": "Замена подшипников ступицы",
        "Категория": "Колеса-ступицы",
        "Примечание": ""
      },
      {
        "Цена": 3000,
        "Марка": "Валдай Дв Д245/Cummin s 3.8 2.8",
        "Название": "Замена сальника ступицы",
        "Категория": "Колеса-ступицы",
        "Примечание": ""
      },
      {
        "Цена": 6000,
        "Марка": "Газель",
        "Название": "Замена рулевой колонки",
        "Категория": "Рулевое управление",
        "Примечание": ""
      },
      {
        "Цена": 600,
        "Марка": "Газель",
        "Название": "Регулировка рулевого механизма",
        "Категория": "Рулевое управление",
        "Примечание": ""
      },
      {
        "Цена": 5500,
        "Марка": "Валдай Дв Д245/Cummin s 3.8 2.8",
        "Название": "Замена рулевой колонки",
        "Категория": "Рулевое управление",
        "Примечание": ""
      },
      {
        "Цена": 600,
        "Марка": "Валдай Дв Д245/Cummin s 3.8 2.8",
        "Название": "Регулировка рулевого механизма",
        "Категория": "Рулевое управление",
        "Примечание": ""
      },
      {
        "Цена": 1500,
        "Марка": "Газель",
        "Название": "Регулировка ручного тормоза",
        "Категория": "Тормозная система",
        "Примечание": ""
      },
      {
        "Цена": 2000,
        "Марка": "Газель",
        "Название": "Замена суппорта",
        "Категория": "Тормозная система",
        "Примечание": ""
      },
      {
        "Цена": 1000,
        "Марка": "Валдай Дв Д245/Cummin s 3.8 2.8",
        "Название": "Регулировка ручного тормоза",
        "Категория": "Тормозная система",
        "Примечание": ""
      },
      {
        "Цена": 2000,
        "Марка": "Валдай Дв Д245/Cummin s 3.8 2.8",
        "Название": "Замена суппорта",
        "Категория": "Тормозная система",
        "Примечание": ""
      },
      {
        "Цена": 1000,
        "Марка": "Газель",
        "Название": "Замена Датчика темпиратуры всасывающего коллектора ",
        "Категория": "Электрооборудование",
        "Примечание": ""
      },
      {
        "Цена": 2500,
        "Марка": "Газель",
        "Название": "Замена датчика кислорода ",
        "Категория": "Электрооборудование",
        "Примечание": ""
      },
      {
        "Цена": 1000,
        "Марка": "Валдай Дв Д245/Cummin s 3.8 2.8",
        "Название": "Замена Датчика темпиратуры всасывающего коллектора ",
        "Категория": "Электрооборудование",
        "Примечание": ""
      },
      {
        "Цена": 2500,
        "Марка": "Валдай Дв Д245/Cummin s 3.8 2.8",
        "Название": "Замена датчика кислорода ",
        "Категория": "Электрооборудование",
        "Примечание": ""
      },
      {
        "Цена": 2500,
        "Марка": "Газель",
        "Название": "Замена стеклоподъёмника ",
        "Категория": "Двери",
        "Примечание": ""
      },
      {
        "Цена": 400,
        "Марка": "Газель",
        "Название": "Замена ручки стеклоподъмника",
        "Категория": "Двери",
        "Примечание": ""
      },
      {
        "Цена": 2500,
        "Марка": "Валдай Дв Д245/Cummin s 3.8 2.8",
        "Название": "Замена стеклоподъёмника ",
        "Категория": "Двери",
        "Примечание": ""
      },
      {
        "Цена": 400,
        "Марка": "Валдай Дв Д245/Cummin s 3.8 2.8",
        "Название": "Замена ручки стеклоподъмника",
        "Категория": "Двери",
        "Примечание": ""
      },
      {
        "Цена": 4000,
        "Марка": "Газель",
        "Название": "Замена радиатора отопителя ВОЛГА ",
        "Категория": "Отопитель",
        "Примечание": ""
      },
      {
        "Цена": 15000,
        "Марка": "Газель",
        "Название": "Замена отопителя в сборе",
        "Категория": "Отопитель",
        "Примечание": ""
      },
      {
        "Цена": 4000,
        "Марка": "Валдай Дв Д245/Cummin s 3.8 2.8",
        "Название": "Замена радиатора отопителя ВОЛГА ",
        "Категория": "Отопитель",
        "Примечание": ""
      },
      {
        "Цена": 15000,
        "Марка": "Валдай Дв Д245/Cummin s 3.8 2.8",
        "Название": "Замена отопителя в сборе",
        "Категория": "Отопитель",
        "Примечание": ""
      }
    ]
  }
},
{
  "model": "nomenclature.nomenclature",
  "pk": 2,
  "fields": {
    "version": 3,
    "name": "СТО 2",
    "organization": 1,
    "services": [
      {
        "Цена": 4000,
        "Марка": "Газель",
        "Название": "Компьютерная диагностика двигателя ",
        "Категория": "Диагностика",
        "Примечание": "406,405,409 ЕВРО 2,405,409,4216 - ЕВРО 3,4"
      },
      {
        "Цена": 2000,
        "Марка": "Газель",
        "Название": "Диагностика ходовой части",
        "Категория": "Диагностика",
        "Примечание": ""
      },
      {
        "Цена": 4000,
        "Марка": "Валдай Дв Д245/Cummin s 3.8 2.8",
        "Название": "Компьютерная диагностика двигателя ",
        "Категория": "Диагностика",
        "Примечание": "406,405,409 ЕВРО 2,405,409,4216 - ЕВРО 3,4"
      }
    ]
  }
},
{
  "model": "organization.organization",
  "pk": 1,
  "fields": {
    "name": "Товарищество с ограниченной ответственностью  «GServiceGroup» Св-во о постановке на учет по НДС серия 60001  № 1225814 от 23.12.2021г.",
    "address": "РК г. Алматы, ул. Досмухамедова 22, кв. 18",
    "RNN": "600700875664",
    "BIN": "211240026036",
    "bank_requisition": "ИИК  KZ51914002203KZ00HE8       ДБ АО  «Сбербанк», Алматы   БИК  SABRKZKA  КБЕ 17"
  }
},
{
  "model": "trade_point.tradepoint",
  "pk": 1,
  "fields": {
    "version": 2,
    "name": "Филиал 1",
    "address": "ул. Досмухамедова 22",
    "organization": 1,
    "nomenclature": [
      1,
      2
    ]
  }
},
{
  "model": "trade_point.tradepoint",
  "pk": 2,
  "fields": {
    "version": 2,
    "name": "Филиал 2",
    "address": "Желтоксан 152",
    "organization": 1,
    "nomenclature": [
      1
    ]
  }
},
{
  "model": "employee.employee",
  "pk": "444955f7-780d-4f9b-a03f-8d2871195d47",
  "fields": {
    "version": 3,
    "name": "Талгат",
    "surname": "Кайрола",
    "role": "Мастер",
    "IIN": "990314350583",
    "image": "('https://s3.amazonaws.com/gservicegroup.top/employee_image_990314350583.png',)",
    "address": "Жарокова 7",
    "phone": "87776754411",
    "birthdate": "1999-03-14",
    "tradepoint": 2
  }
},
{
  "model": "employee.employee",
  "pk": "574e36a8-f5f1-4d29-8d93-da594725df4f",
  "fields": {
    "version": 2,
    "name": "Мади",
    "surname": "Коржанов",
    "role": "Менеджер",
    "IIN": "870808301269",
    "image": null,
    "address": "Сейфулина 420",
    "phone": "87775552121",
    "birthdate": "1987-08-08",
    "tradepoint": 1
  }
},
{
  "model": "employee.employee",
  "pk": "7ec55cff-a84b-4b76-9177-e2ab36aa4be3",
  "fields": {
    "version": 2,
    "name": "Бибигуль",
    "surname": "Айсанова",
    "role": "Управляющий",
    "IIN": "731006499012",
    "image": null,
    "address": "Абая 55Б",
    "phone": "87011121314",
    "birthdate": "1973-10-06",
    "tradepoint": 2
  }
},
{
  "model": "employee.employee",
  "pk": "85f2cee3-9ffe-4e00-b318-12735b0e123c",
  "fields": {
    "version": 3,
    "name": "Аспарух",
    "surname": "Мейрамбеков",
    "role": "Мастер",
    "IIN": "011012550831",
    "image": "('https://s3.amazonaws.com/gservicegroup.top/employee_image_011012550831.png',)",
    "address": "Город Казкелен ул Бейсебаева 176",
    "phone": "87473760065",
    "birthdate": "2001-10-12",
    "tradepoint": 1
  }
},
{
  "model": "employee.employee",
  "pk": "b42af38e-d670-442a-90dc-fd9be5ed646f",
  "fields": {
    "version": 2,
    "name": "Юлия",
    "surname": "Жолыняк",
    "role": "Менеджер",
    "IIN": "980714451481",
    "image": null,
    "address": "Жибек Жолы 135",
    "phone": "87777777777",
    "birthdate": "1998-07-14",
    "tradepoint": 2
  }
},
{
  "model": "employee.employee",
  "pk": "c59c4ac0-136e-4a14-9244-b1061866e9cc",
  "fields": {
    "version": 4,
    "name": "Надежда",
    "surname": "Дроздова",
    "role": "Мастер",
    "IIN": "911124450802",
    "image": "('https://s3.amazonaws.com/gservicegroup.top/employee_image_911124450802.png',)",
    "address": "ул Гоголя-Моголя дом 51",
    "phone": "87001616757",
    "birthdate": "1991-11-24",
    "tradepoint": 1
  }
},
{
  "model": "employee.employee",
  "pk": "d1258889-0d5e-4c1f-9196-9a5f16011c3d",
  "fields": {
    "version": 3,
    "name": "Мафтуна",
    "surname": "Мусаллимова",
    "role": "Мастер",
    "IIN": "960119400994",
    "image": "('https://s3.amazonaws.com/gservicegroup.top/employee_image_960119400994.png',)",
    "address": "Теткина 89а",
    "phone": "87019321332",
    "birthdate": "1996-01-19",
    "tradepoint": 2
  }
},
{
  "model": "employee.employee",
  "pk": "f8ab282e-7cc3-40a3-9eb9-f72f5cf5c24a",
  "fields": {
    "version": 2,
    "name": "Элер",
    "surname": "Шавкатов",
    "role": "Управляющий",
    "IIN": "960206301027",
    "image": null,
    "address": "Темирязева 42",
    "phone": "87074542247",
    "birthdate": "1996-02-06",
    "tradepoint": 1
  }
},
{
  "model": "own.own",
  "pk": 1,
  "fields": {
    "version": 2,
    "name": "Газель 1",
    "contractor": 3,
    "number": "404AAA02",
    "comment": null,
    "is_part": false,
    "is_deleted": false
  }
},
{
  "model": "own.own",
  "pk": 2,
  "fields": {
    "version": 2,
    "name": "Газель 2",
    "contractor": 3,
    "number": "001ABC01",
    "comment": null,
    "is_part": false,
    "is_deleted": false
  }
},
{
  "model": "own.own",
  "pk": 3,
  "fields": {
    "version": 2,
    "name": "Lexus LX570",
    "contractor": 1,
    "number": "007OMG02",
    "comment": null,
    "is_part": false,
    "is_deleted": false
  }
},
{
  "model": "own.own",
  "pk": 4,
  "fields": {
    "version": 2,
    "name": "Toyota Camry 70",
    "contractor": 2,
    "number": "952ACZ11",
    "comment": null,
    "is_part": false,
    "is_deleted": false
  }
},
{
  "model": "own.own",
  "pk": 5,
  "fields": {
    "version": 2,
    "name": "Land Cruser Prado",
    "contractor": 2,
    "number": "050ALA11",
    "comment": null,
    "is_part": false,
    "is_deleted": false
  }
},
{
  "model": "payment_method.paymentmethod",
  "pk": 1,
  "fields": {
    "name": "Наличный"
  }
},
{
  "model": "payment_method.paymentmethod",
  "pk": 2,
  "fields": {
    "name": "Безналичный"
  }
},
{
  "model": "payment_method.paymentmethod",
  "pk": 3,
  "fields": {
    "name": "Kaspi"
  }
},
{
  "model": "payment.payment",
  "pk": 1,
  "fields": {
    "payment_status": "Не оплачено",
    "method": null,
    "details": {}
  }
},
{
  "model": "payment.payment",
  "pk": 2,
  "fields": {
    "payment_status": "Не оплачено",
    "method": null,
    "details": {}
  }
},
{
  "model": "payment.payment",
  "pk": 3,
  "fields": {
    "payment_status": "Оплачено",
    "method": 2,
    "details": {
      "cashless": {
        "invoice": "01",
        "consignment": "01"
      }
    }
  }
},
{
  "model": "payment.payment",
  "pk": 4,
  "fields": {
    "payment_status": "Оплачено",
    "method": 1,
    "details": {
      "cash": ""
    }
  }
},
{
  "model": "payment.payment",
  "pk": 5,
  "fields": {
    "payment_status": "Не оплачено",
    "method": null,
    "details": {}
  }
},
{
  "model": "payment.payment",
  "pk": 6,
  "fields": {
    "payment_status": "Оплачено",
    "method": 3,
    "details": {
      "kaspi": "Kaspi Перевод"
    }
  }
},
{
  "model": "payment.payment",
  "pk": 7,
  "fields": {
    "payment_status": "Не оплачено",
    "method": null,
    "details": {}
  }
},
{
  "model": "order.order",
  "pk": 1,
  "fields": {
    "version": 2,
    "trade_point": 1,
    "contractor": 1,
    "own": 3,
    "nomenclature": 1,
    "created_at": "2022-07-11T15:14:07.529Z",
    "finished_at": null,
    "status": "В работе",
    "price_for_pay": 17400,
    "full_price": 23900,
    "payment": 1,
    "note": null,
    "mileage": 20000,
    "jobs": [
      {
        "Индекс": 0,
        "Мастера": [
          {
            "ИИН": "911124450802",
            "Наименование": "Н. Дроздова"
          }
        ],
        "Гарантия": false,
        "Сумма услуг": 5000,
        "Цена услуги": 2500,
        "Марка услуги": "Газель",
        "Название услуги": "Компьютерная диагностика двигателя ",
        "Категория услуги": "Диагностика",
        "Количество услуг": 2
      },
      {
        "Индекс": 1,
        "Мастера": [
          {
            "ИИН": "011012550831",
            "Наименование": "А. Мейрамбеков"
          },
          {
            "ИИН": "911124450802",
            "Наименование": "Н. Дроздова"
          }
        ],
        "Гарантия": false,
        "Сумма услуг": 10000,
        "Цена услуги": 2000,
        "Марка услуги": "Газель",
        "Название услуги": "Диагностика ходовой части",
        "Категория услуги": "Диагностика",
        "Количество услуг": 5
      },
      {
        "Индекс": 60,
        "Мастера": [
          {
            "ИИН": "011012550831",
            "Наименование": "А. Мейрамбеков"
          },
          {
            "ИИН": "911124450802",
            "Наименование": "Н. Дроздова"
          }
        ],
        "Гарантия": true,
        "Сумма услуг": 4000,
        "Цена услуги": 1000,
        "Марка услуги": "Газель",
        "Название услуги": "Замена Датчика темпиратуры всасывающего коллектора ",
        "Категория услуги": "Электрооборудование",
        "Количество услуг": 4
      },
      {
        "Индекс": 64,
        "Мастера": [
          {
            "ИИН": "011012550831",
            "Наименование": "А. Мейрамбеков"
          }
        ],
        "Гарантия": true,
        "Сумма услуг": 2500,
        "Цена услуги": 2500,
        "Марка услуги": "Газель",
        "Название услуги": "Замена стеклоподъёмника ",
        "Категория услуги": "Двери",
        "Количество услуг": 1
      },
      {
        "Индекс": 65,
        "Мастера": [
          {
            "ИИН": "911124450802",
            "Наименование": "Н. Дроздова"
          }
        ],
        "Гарантия": false,
        "Сумма услуг": 2400,
        "Цена услуги": 400,
        "Марка услуги": "Газель",
        "Название услуги": "Замена ручки стеклоподъмника",
        "Категория услуги": "Двери",
        "Количество услуг": 6
      }
    ]
  }
},
{
  "model": "order.order",
  "pk": 2,
  "fields": {
    "version": 3,
    "trade_point": 1,
    "contractor": 2,
    "own": 4,
    "nomenclature": 1,
    "created_at": "2022-07-11T15:14:58.572Z",
    "finished_at": "2022-07-11T15:19:34.837Z",
    "status": "Завершен",
    "price_for_pay": 17000,
    "full_price": 98500,
    "payment": 2,
    "note": null,
    "mileage": 81263,
    "jobs": [
      {
        "Индекс": 1,
        "Мастера": [
          {
            "ИИН": "011012550831",
            "Наименование": "А. Мейрамбеков"
          }
        ],
        "Гарантия": false,
        "Сумма услуг": 8000,
        "Цена услуги": 2000,
        "Марка услуги": "Газель",
        "Название услуги": "Диагностика ходовой части",
        "Категория услуги": "Диагностика",
        "Количество услуг": 4
      },
      {
        "Индекс": 2,
        "Мастера": [
          {
            "ИИН": "911124450802",
            "Наименование": "Н. Дроздова"
          }
        ],
        "Гарантия": false,
        "Сумма услуг": 4000,
        "Цена услуги": 4000,
        "Марка услуги": "Валдай Дв Д245/Cummin s 3.8 2.8",
        "Название услуги": "Компьютерная диагностика двигателя ",
        "Категория услуги": "Диагностика",
        "Количество услуг": 1
      },
      {
        "Индекс": 60,
        "Мастера": [
          {
            "ИИН": "011012550831",
            "Наименование": "А. Мейрамбеков"
          },
          {
            "ИИН": "911124450802",
            "Наименование": "Н. Дроздова"
          }
        ],
        "Гарантия": true,
        "Сумма услуг": 4000,
        "Цена услуги": 1000,
        "Марка услуги": "Газель",
        "Название услуги": "Замена Датчика темпиратуры всасывающего коллектора ",
        "Категория услуги": "Электрооборудование",
        "Количество услуг": 4
      },
      {
        "Индекс": 61,
        "Мастера": [
          {
            "ИИН": "011012550831",
            "Наименование": "А. Мейрамбеков"
          }
        ],
        "Гарантия": false,
        "Сумма услуг": 5000,
        "Цена услуги": 2500,
        "Марка услуги": "Газель",
        "Название услуги": "Замена датчика кислорода ",
        "Категория услуги": "Электрооборудование",
        "Количество услуг": 2
      },
      {
        "Индекс": 66,
        "Мастера": [
          {
            "ИИН": "011012550831",
            "Наименование": "А. Мейрамбеков"
          },
          {
            "ИИН": "911124450802",
            "Наименование": "Н. Дроздова"
          }
        ],
        "Гарантия": true,
        "Сумма услуг": 2500,
        "Цена услуги": 2500,
        "Марка услуги": "Валдай Дв Д245/Cummin s 3.8 2.8",
        "Название услуги": "Замена стеклоподъёмника ",
        "Категория услуги": "Двери",
        "Количество услуг": 1
      },
      {
        "Индекс": 69,
        "Мастера": [
          {
            "ИИН": "011012550831",
            "Наименование": "А. Мейрамбеков"
          }
        ],
        "Гарантия": true,
        "Сумма услуг": 75000,
        "Цена услуги": 15000,
        "Марка услуги": "Газель",
        "Название услуги": "Замена отопителя в сборе",
        "Категория услуги": "Отопитель",
        "Количество услуг": 5
      }
    ]
  }
},
{
  "model": "order.order",
  "pk": 3,
  "fields": {
    "version": 3,
    "trade_point": 1,
    "contractor": 2,
    "own": 5,
    "nomenclature": 1,
    "created_at": "2022-07-11T15:15:46.670Z",
    "finished_at": "2022-07-11T15:19:08.299Z",
    "status": "Завершен",
    "price_for_pay": 185500,
    "full_price": 185500,
    "payment": 3,
    "note": null,
    "mileage": null,
    "jobs": [
      {
        "Индекс": 0,
        "Мастера": [
          {
            "ИИН": "011012550831",
            "Наименование": "А. Мейрамбеков"
          }
        ],
        "Гарантия": false,
        "Сумма услуг": 10000,
        "Цена услуги": 2500,
        "Марка услуги": "Газель",
        "Название услуги": "Компьютерная диагностика двигателя ",
        "Категория услуги": "Диагностика",
        "Количество услуг": 4
      },
      {
        "Индекс": 1,
        "Мастера": [
          {
            "ИИН": "011012550831",
            "Наименование": "А. Мейрамбеков"
          }
        ],
        "Гарантия": false,
        "Сумма услуг": 2000,
        "Цена услуги": 2000,
        "Марка услуги": "Газель",
        "Название услуги": "Диагностика ходовой части",
        "Категория услуги": "Диагностика",
        "Количество услуг": 1
      },
      {
        "Индекс": 28,
        "Мастера": [
          {
            "ИИН": "011012550831",
            "Наименование": "А. Мейрамбеков"
          }
        ],
        "Гарантия": false,
        "Сумма услуг": 120000,
        "Цена услуги": 10000,
        "Марка услуги": "Газель",
        "Название услуги": "Снять-Установить  КПП ",
        "Категория услуги": "Сцепление",
        "Количество услуг": 12
      },
      {
        "Индекс": 29,
        "Мастера": [
          {
            "ИИН": "911124450802",
            "Наименование": "Н. Дроздова"
          }
        ],
        "Гарантия": false,
        "Сумма услуг": 1500,
        "Цена услуги": 500,
        "Марка услуги": "Газель",
        "Название услуги": "Замена болта педали сцепления",
        "Категория услуги": "Сцепление",
        "Количество услуг": 3
      },
      {
        "Индекс": 32,
        "Мастера": [
          {
            "ИИН": "011012550831",
            "Наименование": "А. Мейрамбеков"
          },
          {
            "ИИН": "911124450802",
            "Наименование": "Н. Дроздова"
          }
        ],
        "Гарантия": false,
        "Сумма услуг": 2000,
        "Цена услуги": 1000,
        "Марка услуги": "Газель",
        "Название услуги": "Замена корпуса рычага КПП",
        "Категория услуги": "Коробка передач",
        "Количество услуг": 2
      },
      {
        "Индекс": 33,
        "Мастера": [
          {
            "ИИН": "011012550831",
            "Наименование": "А. Мейрамбеков"
          },
          {
            "ИИН": "911124450802",
            "Наименование": "Н. Дроздова"
          }
        ],
        "Гарантия": false,
        "Сумма услуг": 50000,
        "Цена услуги": 25000,
        "Марка услуги": "Газель",
        "Название услуги": "Ремонт КПП (Снять-ремонт-собрать-установить)",
        "Категория услуги": "Коробка передач",
        "Количество услуг": 2
      }
    ]
  }
},
{
  "model": "order.order",
  "pk": 4,
  "fields": {
    "version": 2,
    "trade_point": 1,
    "contractor": 3,
    "own": 2,
    "nomenclature": 1,
    "created_at": "2022-07-11T15:16:37.633Z",
    "finished_at": null,
    "status": "В работе",
    "price_for_pay": 89400,
    "full_price": 99400,
    "payment": 4,
    "note": null,
    "mileage": null,
    "jobs": [
      {
        "Индекс": 42,
        "Мастера": [
          {
            "ИИН": "011012550831",
            "Наименование": "А. Мейрамбеков"
          },
          {
            "ИИН": "911124450802",
            "Наименование": "Н. Дроздова"
          }
        ],
        "Гарантия": false,
        "Сумма услуг": 60000,
        "Цена услуги": 30000,
        "Марка услуги": "Валдай Дв Д245/Cummin s 3.8 2.8",
        "Название услуги": "Замена заднего моста в сборе Газель",
        "Категория услуги": "Задний мост",
        "Количество услуг": 2
      },
      {
        "Индекс": 44,
        "Мастера": [
          {
            "ИИН": "011012550831",
            "Наименование": "А. Мейрамбеков"
          }
        ],
        "Гарантия": true,
        "Сумма услуг": 1000,
        "Цена услуги": 1000,
        "Марка услуги": "Газель",
        "Название услуги": "Замена щеки стабилизатора с од.стороны",
        "Категория услуги": "Подвеска",
        "Количество услуг": 1
      },
      {
        "Индекс": 46,
        "Мастера": [
          {
            "ИИН": "911124450802",
            "Наименование": "Н. Дроздова"
          }
        ],
        "Гарантия": false,
        "Сумма услуг": 8000,
        "Цена услуги": 2000,
        "Марка услуги": "Валдай Дв Д245/Cummin s 3.8 2.8",
        "Название услуги": "Замена щеки стабилизатора с од.стороны",
        "Категория услуги": "Подвеска",
        "Количество услуг": 4
      },
      {
        "Индекс": 50,
        "Мастера": [
          {
            "ИИН": "011012550831",
            "Наименование": "А. Мейрамбеков"
          }
        ],
        "Гарантия": true,
        "Сумма услуг": 9000,
        "Цена услуги": 4500,
        "Марка услуги": "Валдай Дв Д245/Cummin s 3.8 2.8",
        "Название услуги": "Замена подшипников ступицы",
        "Категория услуги": "Колеса-ступицы",
        "Количество услуг": 2
      },
      {
        "Индекс": 60,
        "Мастера": [
          {
            "ИИН": "011012550831",
            "Наименование": "А. Мейрамбеков"
          },
          {
            "ИИН": "911124450802",
            "Наименование": "Н. Дроздова"
          }
        ],
        "Гарантия": false,
        "Сумма услуг": 1000,
        "Цена услуги": 1000,
        "Марка услуги": "Газель",
        "Название услуги": "Замена Датчика темпиратуры всасывающего коллектора ",
        "Категория услуги": "Электрооборудование",
        "Количество услуг": 1
      },
      {
        "Индекс": 61,
        "Мастера": [
          {
            "ИИН": "911124450802",
            "Наименование": "Н. Дроздова"
          }
        ],
        "Гарантия": false,
        "Сумма услуг": 15000,
        "Цена услуги": 2500,
        "Марка услуги": "Газель",
        "Название услуги": "Замена датчика кислорода ",
        "Категория услуги": "Электрооборудование",
        "Количество услуг": 6
      },
      {
        "Индекс": 64,
        "Мастера": [
          {
            "ИИН": "011012550831",
            "Наименование": "А. Мейрамбеков"
          }
        ],
        "Гарантия": false,
        "Сумма услуг": 5000,
        "Цена услуги": 2500,
        "Марка услуги": "Газель",
        "Название услуги": "Замена стеклоподъёмника ",
        "Категория услуги": "Двери",
        "Количество услуг": 2
      },
      {
        "Индекс": 67,
        "Мастера": [
          {
            "ИИН": "011012550831",
            "Наименование": "А. Мейрамбеков"
          }
        ],
        "Гарантия": false,
        "Сумма услуг": 400,
        "Цена услуги": 400,
        "Марка услуги": "Валдай Дв Д245/Cummin s 3.8 2.8",
        "Название услуги": "Замена ручки стеклоподъмника",
        "Категория услуги": "Двери",
        "Количество услуг": 1
      }
    ]
  }
},
{
  "model": "order.order",
  "pk": 5,
  "fields": {
    "version": 2,
    "trade_point": 2,
    "contractor": 1,
    "own": 3,
    "nomenclature": 1,
    "created_at": "2022-07-11T15:20:02.311Z",
    "finished_at": null,
    "status": "В работе",
    "price_for_pay": 12000,
    "full_price": 12000,
    "payment": 5,
    "note": null,
    "mileage": null,
    "jobs": [
      {
        "Индекс": 0,
        "Мастера": [
          {
            "ИИН": "960119400994",
            "Наименование": "М. Мусаллимова"
          },
          {
            "ИИН": "990314350583",
            "Наименование": "Т. Кайрола"
          }
        ],
        "Гарантия": false,
        "Сумма услуг": 10000,
        "Цена услуги": 2500,
        "Марка услуги": "Газель",
        "Название услуги": "Компьютерная диагностика двигателя ",
        "Категория услуги": "Диагностика",
        "Количество услуг": 4
      },
      {
        "Индекс": 1,
        "Мастера": [
          {
            "ИИН": "960119400994",
            "Наименование": "М. Мусаллимова"
          }
        ],
        "Гарантия": false,
        "Сумма услуг": 2000,
        "Цена услуги": 2000,
        "Марка услуги": "Газель",
        "Название услуги": "Диагностика ходовой части",
        "Категория услуги": "Диагностика",
        "Количество услуг": 1
      }
    ]
  }
},
{
  "model": "order.order",
  "pk": 6,
  "fields": {
    "version": 3,
    "trade_point": 2,
    "contractor": 3,
    "own": 1,
    "nomenclature": 1,
    "created_at": "2022-07-11T15:20:29.206Z",
    "finished_at": "2022-07-11T15:21:16.456Z",
    "status": "Завершен",
    "price_for_pay": 29500,
    "full_price": 33000,
    "payment": 6,
    "note": null,
    "mileage": null,
    "jobs": [
      {
        "Индекс": 0,
        "Мастера": [
          {
            "ИИН": "960119400994",
            "Наименование": "М. Мусаллимова"
          }
        ],
        "Гарантия": false,
        "Сумма услуг": 27500,
        "Цена услуги": 2500,
        "Марка услуги": "Газель",
        "Название услуги": "Компьютерная диагностика двигателя ",
        "Категория услуги": "Диагностика",
        "Количество услуг": 11
      },
      {
        "Индекс": 1,
        "Мастера": [
          {
            "ИИН": "990314350583",
            "Наименование": "Т. Кайрола"
          }
        ],
        "Гарантия": false,
        "Сумма услуг": 2000,
        "Цена услуги": 2000,
        "Марка услуги": "Газель",
        "Название услуги": "Диагностика ходовой части",
        "Категория услуги": "Диагностика",
        "Количество услуг": 1
      },
      {
        "Индекс": 4,
        "Мастера": [
          {
            "ИИН": "960119400994",
            "Наименование": "М. Мусаллимова"
          }
        ],
        "Гарантия": true,
        "Сумма услуг": 3000,
        "Цена услуги": 1500,
        "Марка услуги": "Газель",
        "Название услуги": "Замена масла в двигателе",
        "Категория услуги": "Техническое обслуживание",
        "Количество услуг": 2
      },
      {
        "Индекс": 5,
        "Мастера": [
          {
            "ИИН": "990314350583",
            "Наименование": "Т. Кайрола"
          }
        ],
        "Гарантия": true,
        "Сумма услуг": 500,
        "Цена услуги": 500,
        "Марка услуги": "Газель",
        "Название услуги": "Замена фильтра воздушного карбюр.двиг.",
        "Категория услуги": "Техническое обслуживание",
        "Количество услуг": 1
      }
    ]
  }
},
{
  "model": "order.order",
  "pk": 7,
  "fields": {
    "version": 3,
    "trade_point": 2,
    "contractor": 2,
    "own": 5,
    "nomenclature": 1,
    "created_at": "2022-07-11T15:21:10.212Z",
    "finished_at": "2022-07-11T15:21:35.631Z",
    "status": "Завершен",
    "price_for_pay": 10000,
    "full_price": 30500,
    "payment": 7,
    "note": null,
    "mileage": 812378,
    "jobs": [
      {
        "Индекс": 0,
        "Мастера": [
          {
            "ИИН": "960119400994",
            "Наименование": "М. Мусаллимова"
          }
        ],
        "Гарантия": false,
        "Сумма услуг": 5000,
        "Цена услуги": 2500,
        "Марка услуги": "Газель",
        "Название услуги": "Компьютерная диагностика двигателя ",
        "Категория услуги": "Диагностика",
        "Количество услуг": 2
      },
      {
        "Индекс": 16,
        "Мастера": [
          {
            "ИИН": "960119400994",
            "Наименование": "М. Мусаллимова"
          },
          {
            "ИИН": "990314350583",
            "Наименование": "Т. Кайрола"
          }
        ],
        "Гарантия": true,
        "Сумма услуг": 18000,
        "Цена услуги": 6000,
        "Марка услуги": "Газель",
        "Название услуги": "Замена погружного модуля бензонасоса ",
        "Категория услуги": "Система питания",
        "Количество услуг": 3
      },
      {
        "Индекс": 32,
        "Мастера": [
          {
            "ИИН": "960119400994",
            "Наименование": "М. Мусаллимова"
          }
        ],
        "Гарантия": false,
        "Сумма услуг": 2000,
        "Цена услуги": 1000,
        "Марка услуги": "Газель",
        "Название услуги": "Замена корпуса рычага КПП",
        "Категория услуги": "Коробка передач",
        "Количество услуг": 2
      },
      {
        "Индекс": 36,
        "Мастера": [
          {
            "ИИН": "990314350583",
            "Наименование": "Т. Кайрола"
          }
        ],
        "Гарантия": false,
        "Сумма услуг": 3000,
        "Цена услуги": 3000,
        "Марка услуги": "Газель",
        "Название услуги": "Снять - установить кардан",
        "Категория услуги": "Карданный вал",
        "Количество услуг": 1
      },
      {
        "Индекс": 64,
        "Мастера": [
          {
            "ИИН": "990314350583",
            "Наименование": "Т. Кайрола"
          }
        ],
        "Гарантия": true,
        "Сумма услуг": 2500,
        "Цена услуги": 2500,
        "Марка услуги": "Газель",
        "Название услуги": "Замена стеклоподъёмника ",
        "Категория услуги": "Двери",
        "Количество услуг": 1
      }
    ]
  }
},
{
  "model": "report.report",
  "pk": 2,
  "fields": {
    "report_uuid": "3f820cf9-2f06-4c81-ab83-aa0ecc3a58b9",
    "tradepoint_id": 1
  }
},
{
  "model": "report.report",
  "pk": 3,
  "fields": {
    "report_uuid": "09760085-32e5-4abb-a6fc-0034f1f1e0fd",
    "tradepoint_id": 1
  }
},
{
  "model": "report.report",
  "pk": 4,
  "fields": {
    "report_uuid": "fb65a05b-9e24-42e1-9c85-b485267617f7",
    "tradepoint_id": 2
  }
},
{
  "model": "report.report",
  "pk": 5,
  "fields": {
    "report_uuid": "78070d7b-0d5d-4e9b-ae58-46dbc419fb0b",
    "tradepoint_id": 2
  }
},
{
  "model": "report.report",
  "pk": 6,
  "fields": {
    "report_uuid": "decfaf36-8436-4866-b059-d999d46fef9c",
    "tradepoint_id": 2
  }
}
]
